exchange,stockCode,stockSymbol,companyName
NSE,12841,11NSETEST,11NSETEST
NSE,16925,20MICRONS,20 Microns
NSE,4,21STCENMGM,21st Century Management Services
NSE,13061,360ONE,360 One WAM
NSE,6232,3IINFOLTD,3I Infotech
NSE,474,3MINDIA,3M India
NSE,9048,3PLAND,3P Land Holdings
NSE,5621,3RDROCK,3rd Rock Multimedia
NSE,445,5PAISA,5Paisa Capital
NSE,11868,63MOONS,63 Moons Technologies
NSE,7787,ABCOTS,A B COTSPIN INDIA LIMITED
NSE,11022,ABINFRA,A B Infrabuild
NSE,20910,A2ZINFRA,A2Z Infra Engineering
NSE,12533,AAATECH,AAA Technologies
NSE,240,AAKASH,Aakash Exploration Services
NSE,5245,AAREYDRUGS,Aarey Drugs & Pharmaceuticals
NSE,1036,AARON,Aaron Industries
NSE,17145,AARTECH,Aartech Solonics
NSE,4481,AARTIDRUGS,Aarti Drugs
NSE,7,AARTIIND,Aarti Industries
NSE,13868,AARTIPHARM,Aarti Pharma Labs
NSE,19233,AARTISURF,Aarti Surfactants
NSE,12121,AARTISURF,Aarti Surfactants - Pref Shr
NSE,14256,AARTIPP,AARTISURF RS.4 PPD UP
NSE,13771,AARVEEDEN,Aarvee Denims & Exports
NSE,19073,AARVI,Aarvi Encon
NSE,16961,AATMAJ,Aatmaj Healthcare
NSE,5385,AAVAS,Aavas Financiers
NSE,10,ABAN,Aban Offshore
NSE,13288,AHL,Abans Holdings
NSE,13,ABB,ABB
NSE,17903,ABBOTINDIA,Abbott India
NSE,4626,AILIMITED,Abhishek Integrations
NSE,5551,ABMINTLLTD,ABM International
NSE,8588,ABNINT,ABN Intercorp
NSE,22,ACC,ACC
NSE,7053,ACCELYA,Accelya Solutions India
NSE,21217,ACCORD,Accord Synergy
NSE,1472,ACCURACY,Accuracy Shipping
NSE,11784,ACEINTEG,Ace Integrated Solutions
NSE,13587,ACE,Action Construction Equipment
NSE,25,ADANIENT,Adani Enterprises
NSE,3563,ADANIGREEN,Adani Green Energy
NSE,15083,ADANIPORTS,Adani Ports & SEZ
NSE,17388,ADANIPOWER,Adani Power
NSE,6066,ATGL,Adani Total Gas
NSE,10217,ADANITRANS,Adani Transmission
NSE,8110,AWL,Adani Wilmar
NSE,19761,ADFFOODS,ADF Foods
NSE,21614,ABCAPITAL,Aditya Birla Capital
NSE,11498,ABFRL,ADITYA BIRLA FAS & RT LTD
NSE,30108,ABFRL,Aditya Birla Fashion
NSE,15239,BIRLAMONEY,Aditya Birla Money
NSE,6018,ABSLAMC,Aditya Birla Sun Life AMC
NSE,34,ADORWELD,Ador Welding
NSE,8644,ADROITINFO,Adroit Infotech
NSE,18039,ADVENZYMES,Advanced Enzyme Tech
NSE,14745,ADVANIHOTR,Advani Hotels & Resorts
NSE,40,AEGISCHEM,Aegis Logistics
NSE,9810,AETHER,Aether Industries
NSE,11343,AFFLE,Affle India
NSE,15147,AGUL,AG Universal
NSE,14263,AGARWALFT,Agarwal Float Glass
NSE,3389,AGARIND,Agarwal Industrial Corporation
NSE,1412,AGI,AGI Greenpac
NSE,10491,AGNI,Agni Green Power
NSE,11072,AGRITECH,Agri-Tech India
NSE,9046,AGROPHOS,Agro Phos India
NSE,1663,ATFL,Agro Tech Foods
NSE,7927,AGSTRA,AGS Transact Technologies
NSE,10769,AHIMSA,Ahimsa Industries
NSE,2004,AHLADA,Ahlada Engineers
NSE,17833,AHLUCONT,Ahluwalia Contracts
NSE,13086,AIAENG,AIA Engineering
NSE,9897,AIRAN,Airan
NSE,6068,AIROLAM,AIRO LAM LIMITED
NSE,8124,AJANTPHARM,Ajanta Pharma
NSE,17307,AJMERA,Ajmera Realty & Infra India
NSE,3409,AJOONI,Ajooni Biotech
NSE,13550,AKASH,Akash Infra Projects
NSE,2182,AKG,AKG Exim
NSE,14895,AKI,AKI India
NSE,8591,AKSHOPTFBR,Aksh Optifibre
NSE,9560,AKSHAR,Akshar Spintex
NSE,20178,AKSHARCHEM,AksharChem India
NSE,1467,AKZOINDIA,Akzo Nobel India
NSE,9925,ALANKIT,Alankit
NSE,17256,ALBERTDAVD,Albert David
NSE,79,ALEMBICLTD,Alembic
NSE,25328,APLLTD,Alembic Pharmaceuticals
NSE,13656,ALICON,Alicon Castalloy
NSE,16963,ALKALI,Alkali Metals
NSE,11703,ALKEM,Alkem Laboratories
NSE,4487,ALKYLAMINE,Alkyl Amines Chemicals
NSE,13203,ALLETEC,All E Technologies
NSE,13501,ALLCARGO,Allcargo Logistics
NSE,14813,ADSL,Allied Digital Services
NSE,11798,ALLSEC,Allsec Technologies
NSE,16719,ALMONDZ,Almondz Global Securities
NSE,17675,ALOKINDS,Alok Industries
NSE,14848,ALPA,Alpa Laboratories
NSE,14597,ALPHAGEO,Alphageo India
NSE,7623,ALPSINDUS,Alps Industries
NSE,100,AMARAJABAT,Amara Raja Batteries
NSE,4083,AMBANIORG,Ambani Organics
NSE,1185,AMBER,Amber Enterprises India
NSE,11499,AMBICAAGAR,Ambica Agarbathies
NSE,15234,AMBIKCO,Ambika Cotton Mill
NSE,1270,AMBUJACEM,Ambuja Cements
NSE,14402,AMDIND,Amd Industries
NSE,10898,AMEYA,Ameya Precision Engineers
NSE,5578,AMIORG,AMI ORGANICS LIMITED
NSE,11939,AMIABLE,Amiable Logistics (India)
NSE,2598,AMJLAND,AMJ Land Holdings
NSE,17547,AMRUTANJAN,Amrutanjan Health Care
NSE,7145,ANANDRATHI,Anand Rathi Wealth
NSE,1581,TARC,Anant Raj Global
NSE,13620,ANANTRAJ,Anant Raj Industries
NSE,15420,ACL,Andhra Cements
NSE,166,ANDHRAPAP,Andhra Paper
NSE,136,ANDHRSUGAR,Andhra Sugars
NSE,5206,ANDREWYU,Andrew Yule and Company
NSE,324,ANGELONE,Angel One
NSE,482,AISL,ANI Integrated Services
NSE,16657,ANIKINDS,Anik Industries
NSE,20453,APCL,Anjani Portland Cement
NSE,13657,ANLON,Anlon Technology Solutions
NSE,3732,ANMOL,Anmol India
NSE,11198,ANNAPURNA,Annapurna Swadisht
NSE,8760,ANSALAPI,Ansal Properties and Infrastructure
NSE,5194,ANTGRAPHIC,Antarctica
NSE,1797,AWHCL,Antony Waste Handling Cell
NSE,2829,ANURAS,Anupam Rasayan India
NSE,11491,APARINDS,Apar Industries
NSE,154,APCOTEXIND,Apcotex Industries
NSE,21623,APEX,Apex Frozen Foods
NSE,25780,APLAPOLLO,APL Apollo Tubes
NSE,157,APOLLOHOSP,Apollo Hospitals
NSE,1134,APOLLO,Apollo Micro Systems
NSE,14361,APOLLOPIPE,Apollo Pipes
NSE,6308,APOLSINHOT,Apollo Sindoori Hotel
NSE,163,APOLLOTYRE,Apollo Tyres
NSE,10755,APTECHT,Aptech
NSE,5435,APTUS,Aptus Value Housing Finance India
NSE,12024,ACI,Archean Chemical Industries
NSE,16799,ARCHIDPLY,Archidply
NSE,248,ADL,Archidply Decor
NSE,6400,ARCHIES,Archies
NSE,13092,ARHAM,Arham Technologies
NSE,15204,ARIES,Aries Agro
NSE,13340,ARIHANTACA,Arihant Academy
NSE,3813,ARIHANTCAP,Arihant Capital Markets
NSE,20159,ARIHANTSUP,Arihant Superstructures
NSE,13926,ARISTO,Aristo Bio-Tech and Lifescience
NSE,17263,ARMANFIN,Arman Financial Services
NSE,14557,AROGRANITE,Aro Granite Industries
NSE,9264,ARROWGREEN,Arrow Greentech
NSE,17825,ARSHIYA,Arshiya
NSE,18206,ARSSINFRA,ARSS Infrastructure Projects
NSE,6159,ARTNIRMAN,ART NIRMAN LIMITED
NSE,16913,ARTEMISMED,Artemis Medicare Services
NSE,2820,ARVEE,Arvee Laboratories
NSE,193,ARVIND,Arvind
NSE,9111,ARVINDFASN,Arvind Fashions
NSE,10457,ARVSMART,Arvind SmartSpaces
NSE,5378,ASAHIINDIA,Asahi India Glass
NSE,25088,ASAHISONG,Asahi Songwon Colors
NSE,15001,ASCOM,ASCOM LEASIN & INVEST LTD
NSE,203,ASHAPURMIN,Ashapura Minechem
NSE,24403,ASHIANA,Ashiana Housing
NSE,206,ASHIMASYN,Ashima
NSE,212,ASHOKLEY,Ashok Leyland
NSE,20182,ASHOKA,Ashoka Buildcon
NSE,16947,ASHOKAMET,Ashoka Metcast
NSE,7033,ASIANENE,Asian Energy Services
NSE,14889,ASIANTILES,Asian Granito India
NSE,19438,AHLEAST,Asian Hotels (East)
NSE,18425,ASIANHOTNR,Asian Hotels (North)
NSE,236,ASIANPAINT,Asian Paints
NSE,20502,ASLIND,ASL INDUSTRIES LIMITED
NSE,17270,ASPINWALL,Aspinwall & Co
NSE,17598,ASALCBR,Associated Alcohols & Breweries
NSE,17728,ASTEC,Astec Lifesciences
NSE,1508,ASTERDM,Aster DM Healthcare
NSE,11618,ASTRAMICRO,Astra Microwave Products
NSE,14418,ASTRAL,Astral
NSE,5610,ASTRAZEN,AstraZeneca Pharma India
NSE,874,ASTRON,Astron Paper and Board Mill
NSE,15649,ATALREAL,Atal Realtech
NSE,15411,ATAM,Atam Valves
NSE,13582,ATLANTA,Atlanta
NSE,263,ATUL,ATUL
NSE,30023,ATULAUTO,Atul Auto
NSE,21238,AUBANK,AU Small Finance Bank
NSE,18762,AURDIS,Aurangabad Distillery
NSE,12025,AURIONPRO,Aurionpro Solutions
NSE,15869,AUROIMPEX,Auro Impex  & Chemicals
NSE,275,AUROPHARMA,Aurobindo Pharma
NSE,10310,AURUM,Aurum PropTech
NSE,9643,AURUMPP,Aurum PropTech Limited
NSE,4037,AUSOMENT,AuSom Enterprise
NSE,14106,AUTOIND,Autoline Industries
NSE,278,AUTOAXLES,Automotive Axles
NSE,10634,ASAL,Automotive Stampings & Assemblies
NSE,21406,AVADHSUGAR,Avadh Sugar & Energy
NSE,15058,AVALON,Avalon Technologies
NSE,7936,AVANTIFEED,Avanti Feeds
NSE,19913,DMART,Avenue Supermarts DMart
NSE,15589,AVG,AVG Logistics
NSE,13557,AVONMORE,AVONMORE CAP&MGT SERV LTD
NSE,8827,AVROIND,Avro India
NSE,18692,AVSL,AVSL Industries
NSE,14008,AVTNPL,Avt Natural Products
NSE,5900,AXISBANK,Axis Bank
NSE,9440,AXISCADES,Axiscades Engineering Technologies
NSE,9909,AXITA,Axita Cotton
NSE,10285,AYMSYNTEX,AYM Syntex
NSE,13290,BLKASHYAP,B L Kashyap and Sons
NSE,12153,BBTCL,B&B Triplewall Containers
NSE,17735,BAFNAPH,Bafna Pharmaceuticals
NSE,11226,BAGFILMS,BAG Films & Media
NSE,12989,BAHETI,Baheti Recycling Industries
NSE,13794,BAIDFIN,Baid Finserv
NSE,16669,BAJAJ-AUTO,Bajaj Auto
NSE,19531,BAJAJCON,Bajaj Consumer Care
NSE,15034,BAJAJELEC,Bajaj Electricals
NSE,317,BAJFINANCE,Bajaj Finance
NSE,16675,BAJAJFINSV,Bajaj Finserv
NSE,6863,BAJAJHCARE,Bajaj HealthCare
NSE,308,BAJAJHIND,Bajaj Hindusthan Sugar
NSE,305,BAJAJHLDNG,Bajaj Holdings and Investments
NSE,13441,BALPHARMA,Bal Pharma
NSE,14501,BALAMINES,Balaji Amines
NSE,9158,BALAJITELE,Balaji Telefilms
NSE,11309,BALAXI,Balaxi Pharmaceuticals
NSE,335,BALKRISIND,Balkrishna Industries
NSE,10181,BALKRISHNA,Balkrishna Paper Mills
NSE,338,BALMLAWRIE,Balmer Lawrie & Co
NSE,341,BALRAMCHIN,Balrampur Chini Mills
NSE,347,BANARBEADS,Banaras Beads
NSE,13880,BANCOINDIA,Banco Products
NSE,2263,BANDHANBNK,Bandhan Bank
NSE,15303,BANG,Bang Overseas
NSE,4668,BANKBARODA,Bank of Baroda
NSE,4745,BANKINDIA,Bank of India
NSE,11377,MAHABANK,Bank of Maharashtra
NSE,822,BANKA,Banka Bioloo
NSE,12034,BASML,Bannari Amman Spinning Mills
NSE,350,BANARISUG,Bannari Amman Sugars
NSE,14511,BANSWRAS,Banswara Syntex
NSE,15077,BVCL,Barak Valley Cements
NSE,3127,BARBEQUE,Barbeque Nation Hospitality
NSE,14867,ASMS,Bartronics India
NSE,368,BASF,BASF India
NSE,371,BATAINDIA,Bata India
NSE,17927,BAYERCROP,Bayer Crop Science
NSE,2513,BCLIND,BCL Industries
NSE,4294,BDR,BDR Buildco
NSE,17937,BEARDSELL,Beardsell
NSE,20196,BEDMUTHA,Bedmutha Industries
NSE,395,BEML,BEML
NSE,15067,BLAL,BEML Land Assets
NSE,404,BERGEPAINT,Berger Paints
NSE,81,BETA,Beta Drugs
NSE,5662,BEWLTD,BEW ENGINEERING LIMITED
NSE,21113,BFINVEST,BF Investment
NSE,14567,BFUTILITIE,BF Utilities
NSE,15189,BGRENERGY,BGR Energy Systems
NSE,13400,BHAGERIA,Bhageria Industries
NSE,6164,BHAGCHEM,Bhagiradha Chemicals & Industries
NSE,20776,BHAGYANGR,Bhagyanagar India
NSE,9985,BHALCHANDR,Bhalchandram Clothing
NSE,19556,BHANDARI,Bhandari Hosiery Exports
NSE,419,BEPL,Bhansali Engineering Polymers
NSE,13761,BBL,Bharat Bijlee
NSE,2144,BDL,Bharat Dynamics
NSE,383,BEL,Bharat Electronics
NSE,422,BHARATFORG,Bharat Forge
NSE,426,BHARATGEAR,Bharat Gears
NSE,438,BHEL,Bharat Heavy Electricals
NSE,526,BPCL,Bharat Petroleum
NSE,3834,BHARATRAS,Bharat Rasayan
NSE,21683,BRNL,Bharat Road Network
NSE,16123,BHARATWIRE,Bharat Wire Ropes
NSE,10604,BHARTIARTL,Bharti Airtel
NSE,6435,AIRTELPP,Bharti Airtel Rs. 1.25 PP
NSE,7853,BIL,Bhartiya International
NSE,18431,BIGBLOC,Bigbloc Construction
NSE,11966,BIKAJI,Bikaji Foods International
NSE,13622,BINANIIND,Binani Industries
NSE,11373,BIOCON,Biocon
NSE,4136,BIOFILCHEM,Biofil Chemicals
NSE,477,BIRLACABLE,Birla Cable
NSE,480,BIRLACORPN,Birla Corporation
NSE,17588,BIRLATYRE,Birla Tyres
NSE,6994,BSOFT,Birlasoft
NSE,5789,BKMINDST,BKM Industries
NSE,3435,BBOX,Black Box
NSE,8132,BLBLIMITED,BLB
NSE,19265,BLISSGVS,Bliss GVS Pharma
NSE,17279,BLS,BLS International Services
NSE,8650,BLUECHIP,BLUE CHIP INDIA LIMITED
NSE,495,BLUEDART,Blue Dart Express
NSE,8311,BLUESTARCO,Blue Star
NSE,25017,BODALCHEM,Bodal Chemicals
NSE,14152,BTML,Bodhi Tree Multimedia
NSE,11641,BOHRAIND,Bohra Industries
NSE,380,BBTC,Bombay Burmah Trading
NSE,513,BOMDYEING,Bombay Dyeing
NSE,6052,BMETRICS,BOMBAY METRICS S C LTD
NSE,812,BSHSL,Bombay Super Hybrid Seeds
NSE,19401,BOROLTD,Borosil
NSE,3149,BORORENEW,Borosil Renewables
NSE,2181,BOSCHLTD,Bosch
NSE,530,BPL,BPL
NSE,7783,BCONCEPTS,BRAND CONCEPTS LIMITED
NSE,15184,BRIGADE,Brigade Enterprises
NSE,3901,BRIGHT,Bright Solar
NSE,8833,BCG,Brightcom Group
NSE,547,BRITANNIA,Britannia Industries
NSE,25136,BROOKS,Brooks Laboratories
NSE,19585,BSE,BSE
NSE,8653,BSL,BSL
NSE,15194,BURNPUR,Burnpur Cement
NSE,2716,BUTTERFLY,Butterfly Gandhimathi Appliances
NSE,21823,CADSYS,Cadsys India
NSE,8400,CALSOFT,California Software
NSE,14222,CTE,Cambridge Technology Enterprises
NSE,6216,CAMLINFINE,Camlin Fine Sciences
NSE,9362,CAMPUS,Campus Activewear
NSE,583,CANFINHOME,Can Fin Homes
NSE,10794,CANBK,Canara Bank
NSE,20160,CANTABIL,Cantabil Retail India
NSE,21749,CAPACITE,Capacite Infraprojects
NSE,19447,CAPTRUST,Capital Trust
NSE,3906,CAPLIPOINT,Caplin Point Laboratories
NSE,20329,CGCL,Capri Global Capital
NSE,595,CARBORUNIV,Carborundum Universal
NSE,29113,CARERATING,CARE Ratings
NSE,20090,CAREERP,Career Point
NSE,5407,CARTRADE,CarTrade Tech
NSE,1879,CARYSIL,CARYSIL
NSE,1250,CASTROLIND,Castrol India
NSE,11452,CCL,CCL Products India
NSE,21174,CDSL,CDSL
NSE,7227,MAPMYINDIA,CE Info Systems
NSE,15254,CEATLTD,CEAT
NSE,13162,CELEBRITY,Celebrity Fashions
NSE,16950,CELLPOINT,Cell Point
NSE,14894,CENTRALBK,Central Bank of India
NSE,2454,CENTRUM,Centrum Capital
NSE,14982,CENTUM,Centum Electronics
NSE,619,CENTENKA,Century Enka
NSE,11511,CENTEXT,Century Extrusions
NSE,13305,CENTURYPLY,Century Plyboards
NSE,625,CENTURYTEX,Century Textile and Industries
NSE,15039,CERA,Cera Sanitaryware
NSE,30016,CEREBRAINT,Cerebra Integrated Technologies
NSE,628,CESC,CESC
NSE,760,CGPOWER,CG Power and Industrial Solutions
NSE,8546,CHALET,Chalet Hotels
NSE,3482,CLSEL,Chaman Lal Setia Exports
NSE,13731,CMNL,Chaman Metallics
NSE,637,CHAMBLFERT,Chambal Fertilisers & Chemicals
NSE,14618,CHEMBOND,Chembond Chemicals
NSE,270,CHEMCON,Chemcon Speciality Chemicals
NSE,2799,CHEMFAB,Chemfab Alkalis
NSE,5449,CHEMPLASTS,Chemplast Sanmar
NSE,2049,CHENNPETRO,Chennai Petroleum Corporation
NSE,9879,CHEVIOT,Cheviot
NSE,8866,CHOICEIN,Choice International
NSE,21740,CHOLAHLDNG,Cholamandalam Financial Holdings
NSE,685,CHOLAFIN,Cholamandalam Investment
NSE,14937,CIEINDIA,CIE Automotive India
NSE,5142,CIGNITITEC,Cigniti Technologies
NSE,27161,CINELINE,Cineline India
NSE,8024,CINEVISTA,Cinevista
NSE,694,CIPLA,Cipla
NSE,5701,CUB,City Union Bank
NSE,20223,CLEDUCATE,CL Educate
NSE,5049,CLEAN,Clean Science & Technology
NSE,99,CMMIPL,CMM Infraprojects
NSE,7603,CMSINFO,CMS Info Systems
NSE,20374,COALINDIA,Coal India
NSE,6006,COASTCORP,Coastal Corporation
NSE,21508,COCHINSHIP,Cochin Shipyard
NSE,11165,COFFEEDAY,Coffee Day Enterprises
NSE,11543,COFORGE,Coforge
NSE,15141,COLPAL,Colgate Palmolive
NSE,17632,COMPINFO,Compuage Infocom
NSE,31138,COMPUSOFT,Compucom Software
NSE,342,CAMS,Computer Age Management Services
NSE,10238,CONFIPET,Confidence Petroleum India
NSE,11732,CONSOFINVT,Consolidated Finvest & Holdings
NSE,4749,CONCOR,Container Corporation of India
NSE,2531,CONTI,Continental Seeds Chemicals
NSE,17477,CONTROLPR,Control Print
NSE,8560,COOLCAPS,COOL CAPS INDUSTRIES LTD
NSE,4007,CORALFINAC,Coral India Finance
NSE,15275,CORDSCABLE,Cords Cable Industries
NSE,739,COROMANDEL,Coromandel International
NSE,742,COSMOFIRST,Cosmo First
NSE,6385,CCHHL,Country Club Hospitality
NSE,16986,COUNCODOS,Country Condos
NSE,2854,CRAFTSMAN,Craftsman Automation
NSE,16419,CRAYONS,Crayons Advertising
NSE,9384,CREATIVEYE,Creative Eye
NSE,11155,CREATIVE,Creative Newtech
NSE,4421,CREDITACC,Credit Access Grameen
NSE,13900,CREST,Crest Ventures
NSE,757,CRISIL,CRISIL
NSE,17094,CROMPTON,Crompton Greaves Consumer Electricals
NSE,8097,CROWN,CROWN LIFTERS LIMITED
NSE,14966,CSBBANK,CSB Bank
NSE,10350,CSLFINANCE,CSL Finance
NSE,9881,CUBEXTUB,Cubex Tubings
NSE,1901,CUMMINSIND,Cummins India
NSE,18520,CUPID,Cupid
NSE,11842,CYBERMEDIA,Cyber Media India
NSE,11447,CMRSL,Cyber Media Research & Services
NSE,6054,CYBERTECH,Cybertech Systems & Software
NSE,5748,CYIENT,Cyient
NSE,17187,CYIENTDLM,Cyient DLM
NSE,6249,DKEGL,D K ENTERPRISES GLOBAL L
NSE,936,DPABHUSHAN,D P Abhushan
NSE,16900,DPWIRES,D P Wires
NSE,17851,DLINKINDIA,D-Link India
NSE,772,DABUR,Dabur India
NSE,8075,DALBHARAT,Dalmia Bharat
NSE,781,DALMIASUG,Dalmia Bharat Sugar & Industries
NSE,17541,DAMODARIND,Damodar Industries
NSE,1110,DANGEE,Dangee Dums
NSE,7358,DATAPATTNS,Data Patterns India
NSE,11423,DATAMATICS,Datamatics Global Services
NSE,17881,DBCORP,DB Corp
NSE,31107,DBSTOCKBRO,DB International Stock Brokers
NSE,18124,DBREALTY,DB Realty
NSE,11568,DCI,DC Infotech and Communications
NSE,13725,DCBBANK,DCB Bank
NSE,805,DCM,DCM
NSE,8704,DCMFINSERV,DCM Financial Services
NSE,11039,DCMNVL,DCM Nouvelle
NSE,811,DCMSHRIRAM,DCM Shriram Consolidated
NSE,7325,DCMSRIND,DCM Shriram Industries
NSE,817,DCW,DCW
NSE,11895,DCXINDIA,DCX Systems
NSE,15449,DENEERS,De Neers Tools
NSE,4279,DENORA,De Nora India
NSE,8657,DIL,DEBOCK INDUSTRIES LIMITED
NSE,14838,DECCANCE,Deccan Cements
NSE,18248,DEEPENR,Deep Energy Resources
NSE,3292,DEEPINDS,DEEP INDUSTRIES LIMITED
NSE,827,DEEPAKFERT,Deepak Fertilisers and Petrochemicals
NSE,19943,DEEPAKNTR,Deepak Nitrite
NSE,9599,DELHIVERY,Delhivery
NSE,24391,DELPHIFX,Delphi World Money
NSE,15044,DELTACORP,Delta Corp
NSE,1214,DELTAMAGNT,Delta Manufacturing
NSE,17722,DEN,Den Networks
NSE,6087,DESTINY,Destiny Logistics - RE
NSE,8149,DEVIT,Dev Information Technology
NSE,5373,DEVYANI,Devyani International
NSE,10893,DBOL,Dhampur Bio Organics
NSE,857,DHAMPURSUG,Dhampur Sugar Mills
NSE,15384,DHANI,Dhani Services
NSE,11359,DHANBANK,Dhanlaxmi Bank
NSE,24409,DHANUKA,Dhanuka Agritech
NSE,18769,DRL,Dhanuka Realty
NSE,6973,DMCC,Dharamsi Morarji Chemical
NSE,13001,DHARMAJ,Dharmaj Crop Guard
NSE,6858,DHRUV,Dhruv Consultancy
NSE,22233,DHUNINV,Dhunseri Investments
NSE,6227,DTIL,Dhunseri Tea & Industries
NSE,15214,DVL,Dhunseri Ventures
NSE,703,DICIND,DIC India
NSE,10358,DGCONTENT,Digicontent
NSE,16683,DIGISPICE,Digispice Technologies
NSE,6136,DIGJAMLMTD,DIGJAM
NSE,641,DNAMEDIA,Diligent Media Corporation
NSE,18086,DBL,Dilip Buildcon
NSE,14537,DISHTV,Dish TV
NSE,21704,DCAL,Dishman Carbogen Amcis
NSE,14479,DIVGIITTS,Divgi Torqtransfer Systems
NSE,10940,DIVISLAB,Divis Laboratories
NSE,21690,DIXON,Dixon Technologies
NSE,12749,DJML,DJ Mediaprint & Logistics
NSE,14732,DLF,DLF
NSE,4822,DODLA,DODLA DAIRY LIMITED
NSE,12124,DOLATALGO,Dolat Algotech
NSE,20560,DOLLAR,Dollar Industries
NSE,13323,DOLLEX,Dollex Agrotech
NSE,13839,DONEAR,Donear Industries
NSE,15419,DPSCLTD,DPSC
NSE,881,DRREDDY,Dr Reddys Laboratories
NSE,11654,LALPATHLAB,Dr. Lal Path Labs
NSE,2645,DRCSYSTEMS,DRC SYSTEMS INDIA LIMITED
NSE,10859,DREAMFOLKS,Dreamfolks Services
NSE,11271,DREDGECORP,Dredging Corporation of India
NSE,17383,DRONE,Drone Destination
NSE,6686,DRSDILIP,DRS Dilip Roadlines
NSE,8880,KEEPLEARN,DSJ Keep Learning
NSE,15356,DSPGOLDETF,DSPAMC - DSPGOLDETF
NSE,13766,DUCOL,Ducol Organics and Colours
NSE,28956,DUCON,Ducon Infratechnologies
NSE,5457,DUGLOBAL,DUDIGITAL
NSE,11667,DWARKESH,Dwarikesh Sugar Industries
NSE,25690,DSSL,Dynacons Systems & Solutions
NSE,4525,DYNAMATECH,Dynamatic Technologies
NSE,10417,DYCL,Dynamic Cables
NSE,6079,DYNAMIC,DYNAMIC SRVCS & SEC LTD
NSE,21314,DYNPRO,Dynemic Products
NSE,8940,E2E,E2E Networks
NSE,9769,EASTSILK,Eastern Silk Industries
NSE,2792,EASEMYTRIP,Easy Trip Planners
NSE,15179,ECLERX,eClerx Services
NSE,15119,EDELWEISS,Edelweiss Financial Services
NSE,910,EICHERMOT,Eicher Motors
NSE,916,EIDPARRY,EID Parry
NSE,15399,EIHAHOTELS,EIH Associated Hotels
NSE,919,EIHOTEL,EIH Hotels
NSE,7915,EIMCOELECO,Eimco Elecon
NSE,8953,ELDEHSG,Eldeco Housing & Industries
NSE,13643,ELECON,Elecon Engineering Company
NSE,18116,ELECTCAST,ELECTCAST WARRANTS
NSE,11530,EMIL,Electronics Mart India
NSE,928,ELECTCAST,Electrosteel Castings
NSE,14902,ELECTHERM,Electrotherm
NSE,937,ELGIEQUIP,Elgi Equipments
NSE,24924,ELGIRUBCO,Elgi Rubber Company
NSE,13423,ELIN,ELIN ELECTRONICS LIMITED
NSE,13517,EMAMILTD,Emami
NSE,10074,EMAMIPAP,Emami Paper Mills
NSE,19277,EMAMIREAL,Emami Realty
NSE,13421,EMKAY,Emkay Global Financial Services
NSE,10253,EMKAYTOOLS,Emkay Tap & Cut. Tool
NSE,18142,EMMBI,Emmbi Industries
NSE,9756,EMUDHRA,eMudhra
NSE,18822,ENDURANCE,Endurance Technologies
NSE,15049,ENERGYDEV,Energy Development Company
NSE,4907,ENGINERSIN,Engineers India
NSE,13192,ENIL,Entertainment Network India
NSE,913,EQUITASBNK,Equitas Small Finance Bank
NSE,21154,ERIS,Eris Lifesciences
NSE,20080,EROSMEDIA,Eros International Media
NSE,955,ESABINDIA,ESAB India
NSE,958,ESCORTS,Escorts Kubota
NSE,25638,ESSARSHPNG,Essar Shipping
NSE,981,EPL,Essel Propack
NSE,17084,ESFL,Essen Specialty Films
NSE,24265,ESTER,Ester Industries
NSE,9750,ETHOSLTD,Ethos
NSE,6040,EIFFL,EURO (I) FRESH FOODS LTD
NSE,7331,EUROBOND,EURO PANEL PRODUCTS LTD
NSE,8886,EUROTEXIND,Eurotex Industries and Exports
NSE,11782,EVEREADY,Eveready Industries India
NSE,993,EVERESTIND,Everest Industries
NSE,13091,EKC,Everest Kanto Cylinder
NSE,11471,EXCELINDUS,Excel Industries
NSE,17380,EXCEL,Excel Realty N Infra
NSE,676,EXIDEIND,Exide Industries
NSE,17486,EXPLEOSOL,Expleo Solutions
NSE,5352,EXXARO,EXXARO TILES LIMITED
NSE,1614,FAIRCHEMOR,Fairchem Organics
NSE,4898,FDC,Fairdeal Corporation
NSE,12000,FAZE3Q,Faze Three
NSE,11999,FCSSOFT,FCS Software Solutions
NSE,1023,FEDERALBNK,Federal Bank
NSE,1190,FMGOETZE,Federal Mogul Goetze
NSE,573,FELIX,FELIX INDUSTRIES LTD.
NSE,1008,FACT,Fertilisers & Chemical Travancore
NSE,8159,FIBERWEB,Fiberweb India
NSE,9858,FIDEL,Fidel Softech
NSE,13710,FIEMIND,Fiem Industries
NSE,24532,FILATEX,Filatex India
NSE,3744,FINEORG,Fine Organic Industries
NSE,6198,FCL,Fineotex Chemical
NSE,6579,FINOPB,Fino Payments Bank
NSE,1038,FINCABLES,Finolex Cables
NSE,1041,FINPIPE,Finolex Industries
NSE,14304,FSL,Firstsource Solutions
NSE,12032,FIVESTAR,Five Star Business Finance
NSE,25512,FLEXITUFF,Flexituff Ventures
NSE,7385,FOCE,FOCE INDIA LIMITED
NSE,6836,FOCUS,FOCUS LIGHTG & FIXTRS LTD
NSE,6673,FOODSIN,Foods & Inns
NSE,11573,FORCEMOT,Force Motors
NSE,14592,FORTIS,Fortis Healthcare
NSE,1073,FOSECOIND,Foseco India
NSE,10866,GVPTECH,Fourth Dimension Solutions
NSE,11501,FROG,Frog Cellsat
NSE,11932,FUSION,Fusion Micro Finance
NSE,30041,FCONSUMER,Future Consumer
NSE,21017,FMNL,Future Market Networks
NSE,14628,FSC,FUTURE SUPP CHAIN SOL LTD
NSE,5054,GRINFRA,G R INFRAPROJECTS LIMITED
NSE,12842,G1NSETEST,G1NSETEST
NSE,1085,GABRIEL,Gabriel India
NSE,4717,GAIL,GAIL
NSE,1315,GALAXYSURF,Galaxy Surfactants
NSE,13337,GALLANTT,Gallantt Ispat
NSE,14116,GANDHITUBE,Gandhi Special Tubes
NSE,5614,GANESHBE,Ganesh Benzoplast
NSE,14339,GANESHHOUC,Ganesh Housing Corporation
NSE,6944,GANECOS,Ganesha Ecosphere
NSE,4959,GANGAFORGE,Ganga Forging
NSE,21399,GANGESSECU,Ganges Securities
NSE,5475,GRSE,Garden Reach Shipbuilders
NSE,7982,GRWRHITECH,Garware Hi-Tech Films
NSE,1100,GARFIBRES,Garware Technical Fibres
NSE,8510,GATEWAY,GATEWAY
NSE,13688,GATI,GATI
NSE,3699,GAYAHWS,Gayatri Highways
NSE,14052,GRCL,Gayatri Rubbers and Chemicals
NSE,7862,GEPIL,GE Power India
NSE,16787,GET&D,GE T&D India
NSE,13658,GEECEE,GeeCee Ventures
NSE,17924,GEEKAYWIRE,Geekay Wires
NSE,277,GICRE,General Insurance Corporation of India
NSE,2191,GENCON,Generic Engineering Construction
NSE,10905,GENESYS,Genesys International Corp
NSE,17010,GENSOL,Gensol Engineering
NSE,6600,GENUSPAPER,Genus Paper & Boards
NSE,11905,GENUSPOWER,Genus Power Infrastructures
NSE,11896,GEOJITFSL,Geojit Financial Services
NSE,16696,GHCLTEXTIL,GHCL Textiles
NSE,17000,GISOLUTION,GI ENGINEERING SOLNS LTD
NSE,1139,GICHSGFIN,GIC Housing Finance
NSE,17839,GILLANDERS,Gillanders Arbuthnot
NSE,1576,GILLETTE,Gillette India
NSE,9294,GINNIFILA,Ginni Filaments
NSE,9935,GIRRESORTS,GIR Resorts
NSE,2365,GIRIRAJ,GIRIRAJ CIVIL DEVP LTD
NSE,17360,GKWLIMITED,GKW
NSE,1186,GLAND,Gland Pharma
NSE,1153,GLAXO,GlaxoSmithKline Pharmaceuticals
NSE,5265,GLS,Glenmark Life Sciences
NSE,7406,GLENMARK,Glenmark Pharmaceuticals
NSE,1417,GLOBAL,Global Education
NSE,11956,MEDANTA,Global Health
NSE,17167,GLOBALPET,Global Pet Industries
NSE,14599,GSLSU,Global Surfaces
NSE,13739,GLOBALVECT,Global Vectra Helicorp
NSE,18815,GICL,Globe Intl Carriers
NSE,400,GLOBE,Globe Textiles
NSE,9764,GSTL,Globesecure Technologies
NSE,17424,GLOBUSSPR,Globus Spirits
NSE,1168,GMBREW,GM Breweries
NSE,1570,GMMPFAUDLR,GMM Pfaudler
NSE,13528,GMRINFRA,GMR Airports Infrastructure
NSE,8529,GMRP&UI,GMR Power & Urban Infra
NSE,18571,GNA,GNA Axles
NSE,6964,GOCOLORS,Go Colors
NSE,14687,GOACARBON,Goa Carbon
NSE,13409,GPIL,Godawari Power & ISPAT
NSE,1181,GODFRYPHLP,Godfrey Phillips India
NSE,1610,GODHA,Godha Cabcon & Insulation
NSE,144,GODREJAGRO,Godrej Agrovet
NSE,10099,GODREJCP,Godrej Consumer Products
NSE,10925,GODREJIND,Godrej Industries
NSE,17875,GODREJPROP,Godrej Properties
NSE,5010,GOENKA,Goenka Diamond & Jewels
NSE,11778,GOKEX,Gokaldas Exports
NSE,14480,GOKULAGRO,Gokul Agro Resources
NSE,16705,GOKUL,Gokul Refoils and Solvent
NSE,11619,GOLDENTOBC,GOLDEN TOBACCO LIMITED
NSE,11971,GOLDIAM,Goldiam International
NSE,1,GOLDSTAR,Goldstar Power
NSE,9878,GOLDTECH,Goldstone Technologies
NSE,6125,GOODLUCK,Goodluck India
NSE,1205,GOODYEAR,Goodyear India
NSE,11789,GOYALALUM,Goyal Aluminiums
NSE,11581,GULFPETRO,GP Petroleums
NSE,17689,GPTINFRA,GPT Infraprojects
NSE,11872,GRANULES,Granules India
NSE,592,GRAPHITE,Graphite India
NSE,1232,GRASIM,Grasim Industries
NSE,5200,GRAUWEIL,Grauer & Weil
NSE,20534,GRAVITA,Gravita India
NSE,13776,GESHIP,Great Eastern Shipping Company
NSE,1235,GREAVESCOT,Greaves Cotton
NSE,17092,GREENCHEF,Greenchef Appliances
NSE,6848,GREENLAM,Greenlam Industries
NSE,13810,GREENPANEL,Greenpanel Industries
NSE,3987,GREENPLY,Greenply Industries
NSE,18741,GRETEX,Gretex Industries
NSE,13560,GRINDWELL,Grindwell Norton
NSE,10871,GRMOVER,GRM Overseas
NSE,17770,GROBTEA,Grob Tea Company
NSE,15347,GSS,GSS Infotech
NSE,1162,GTL,GTL
NSE,13745,GTLINFRA,GTL Infrastructure
NSE,21195,GTPL,GTPL Hathway
NSE,11606,GUFICBIO,Gufic BioSciences
NSE,1267,GUJALKALI,Gujarat Alkalies & Chemicals
NSE,8828,GAEL,Gujarat Ambuja Exports
NSE,14677,GUJAPOLLO,Gujarat Apollo Industries
NSE,13750,FLUOROCHEM,Gujarat Fluorochemicals
NSE,1289,GFLLIMITED,Gujarat Fluorochemicals
NSE,10599,GUJGASLTD,Gujarat Gas
NSE,1127,GHCL,Gujarat Heavy Chemicals
NSE,1145,GIPCL,Gujarat Industries Power Company
NSE,1156,GLFL,Gujarat Lease Financing
NSE,5204,GMDCLTD,Gujarat Mineral Development Corporation
NSE,1174,GNFC,Gujarat Narmada Valley Fertilizers & Che
NSE,19731,GPPL,Gujarat Pipavav Port
NSE,10097,GUJRAFFIA,Gujarat Raffia Industries
NSE,6549,GRPLTD,Gujarat Rubber Products
NSE,1247,GSFC,Gujarat State Fertilizers & Chemicals
NSE,13197,GSPL,Gujarat State Petronet
NSE,3963,GOCLCORP,GULF Oil Corporation
NSE,4391,GULFOILLUB,Gulf Oil Lubricants India
NSE,6286,GULPOLY,Gulshan Polyols
NSE,13226,GVKPIL,GVK POW. & INFRA LTD.
NSE,20296,SHAH,Gyscoal Alloys
NSE,48,HAPPSTMNDS,Happiest Minds Technologies
NSE,8962,HARDWYN,Hardwyn India
NSE,8968,HARIOMPIPE,Hariom Pipe Industries
NSE,1313,HARRMALAYA,Harrison Malayalam
NSE,11162,HARSHA,Harsha Engineers
NSE,18154,HATHWAY,Hathway Cable & Datacom
NSE,3892,HATSUN,Hatsun Agro Product
NSE,9819,HAVELLS,Havells India
NSE,4116,HBSL,HB Stockholdings
NSE,13966,HBLPOWER,HBL Power Systems
NSE,1327,HCL-INSYS,HCL Infosystems
NSE,7229,HCLTECH,HCL Technologies
NSE,4244,HDFCAMC,HDFC AMC
NSE,1333,HDFCBANK,HDFC Bank
NSE,17320,HDFCBANK,HDFC BANK LIMITED
NSE,467,HDFCLIFE,HDFC Life Insurance
NSE,19205,HEADSUP,Heads UP Ventures
NSE,15555,HCG,Healthcare Global Enterprises
NSE,7425,HECPROJECT,HEC INFRA PROJECTS LTD
NSE,1336,HEG,HEG
NSE,2316,HEIDELBERG,Heidelberg Cement
NSE,701,HEMIPROP,Hemisphere Properties India
NSE,2614,HERANBA,Heranba Industries
NSE,15288,HERCULES,Hercules Hoists
NSE,4598,HERITGFOOD,Heritage Foods
NSE,1348,HEROMOTOCO,Hero Motocorp
NSE,7048,HESTERBIO,Hester Biosciences
NSE,715,HEUBACHIND,Heubach Colorants India
NSE,27008,HEXATRADEX,Hexa Tradex
NSE,1672,HGINFRA,HG Infra Engineering
NSE,4433,HITECHGEAR,Hi-Tech Gears
NSE,2868,HITECH,Hi-Tech Pipes
NSE,9668,HIKAL,Hikal
NSE,14631,HILTON,Hilton Metal Forging
NSE,21951,HFCL,Himachal Futuristic Communications
NSE,14334,HSCL,Himadri Speciality Chemical
NSE,1360,HIMATSEIDE,Himatsingka Seide
NSE,17050,HINDNATGLS,HIND NATL GLASS & IND LTD
NSE,13894,HIRECT,Hind Rectifiers
NSE,1363,HINDALCO,Hindalco Industries
NSE,4920,HINDCON,Hindcon Chemicals
NSE,11796,HPIL,Hindprakash Industries
NSE,14712,HGS,Hinduja Global Solutions
NSE,2303,HAL,Hindustan Aeronautics
NSE,1372,HINDCOMPOS,Hindustan Composites
NSE,1375,HCC,Hindustan Construction Company
NSE,17939,HINDCOPPER,Hindustan Copper
NSE,12173,HNDFDS,Hindustan Foods
NSE,19215,HMVL,Hindustan Media Ventures
NSE,21676,HINDMOTORS,Hindustan Motors
NSE,1403,HINDOILEXP,Hindustan Oil Exploration
NSE,1406,HINDPETRO,Hindustan Petroleum
NSE,1394,HINDUNILVR,Hindustan Unilever
NSE,1424,HINDZINC,Hindustan Zinc
NSE,15883,HINDWAREAP,Hindware Home Innovation
NSE,19322,HISARMETAL,Hisar Metal Industries
NSE,18457,POWERINDIA,Hitachi Energy India
NSE,15165,HITECHCORP,Hitech Corporation
NSE,2289,HLEGLAS,HLE Glascoat
NSE,17053,HMAAGRO,HMA Agro Industries
NSE,19698,HMT,HMT
NSE,2056,HOMEFIRST,Home First Finance Company
NSE,13526,HOMESFY,Homesfy Realty
NSE,3138,HONDAPOWER,Honda India Power Products
NSE,3417,HONAUT,Honeywell Automation
NSE,1448,HLVLTD,Hotel Leela Venture
NSE,17920,HDIL,Housing Development and Infra
NSE,13595,HOVS,HOV Services
NSE,7376,HPAL,HP Adhesives
NSE,18679,HPL,HPL Electric & Power
NSE,11979,HTMEDIA,HT Media
NSE,14207,HUBTOWN,Hubtown
NSE,20825,HUDCO,HUDCO
NSE,2562,HUHTAMAKI,Huhtamaki PPL
NSE,12814,HYBRIDFIN,Hybrid Financial Services
NSE,1455,HIL,Hyderabad Industries
NSE,9610,ICDSLTD,ICDS
NSE,489,ICEMAKE,Ice Make Refrigeration
NSE,4963,ICICIBANK,ICICI Bank
NSE,21770,ICICIGI,ICICI Lombard General Insurance
NSE,18652,ICICIPRULI,ICICI Prudential Life Insurance
NSE,2489,ISEC,ICICI Securities
NSE,14523,ICRA,ICRA
NSE,1476,IDBI,IDBI Bank
NSE,25640,LICMFGOLD,IDBI Gold ETF
NSE,17140,IDEAFORGE,Ideaforge Technology
NSE,11957,IDFC,IDFC
NSE,11184,IDFCFIRSTB,IDFC First Bank
NSE,1482,IFBAGRO,IFB Agro Industries
NSE,1485,IFBIND,IFB Industries
NSE,1491,IFCI,IFCI
NSE,436,IFGLEXPOR,IFGL Refractories
NSE,14086,IGPL,IG Petrochemicals
NSE,634,IGARASHI,Igarashi Motors India
NSE,11809,IIFL,IIFL Finance
NSE,13072,IIFLSEC,IIFL Securities
NSE,16822,IKIO,IKIO Lighting
NSE,9380,IL&FSENGG,IL&FS Engg & Const Company
NSE,8942,IVC,IL&FS Investment Managers
NSE,9381,IL&FSTRANS,IL&FS Transportation Networks
NSE,7672,IMAGICAA,Imagicaaworld Entertainment
NSE,11620,INDLMETER,IMP POWERS LTD
NSE,11684,IMPEXFERRO,Impex Ferro Tech
NSE,17507,INCREDIBLE,Incredible Industries
NSE,11605,INDSWFTLTD,Ind Swift
NSE,4870,INDSWFTLAB,Ind Swift Laboratories
NSE,16933,INDBANK,Indbank Merchant Banking
NSE,1515,INDIACEM,India Cements
NSE,1521,INDIAGLYCO,India Glycols
NSE,12009,IMPAL,India Motor Parts & Accessories
NSE,4747,INDNIPPON,India Nippon Electricals
NSE,4934,IPL,INDIA PESTICIDES LIMITED
NSE,19299,ITDC,India Tourism Development Corporation
NSE,13307,IEL,Indiabulls Enterprises
NSE,30125,IBULHSGFIN,Indiabulls Housing Finance
NSE,14450,IBREALEST,Indiabulls Real Estate
NSE,10726,INDIAMART,IndiaMART InterMesh
NSE,14309,INDIANB,Indian Bank
NSE,4422,INDIANCARD,Indian Card Clothing Company
NSE,220,IEX,Indian Energy Exchange
NSE,1512,INDHOTEL,Indian Hotels Company
NSE,1530,INDIANHUME,Indian Hume Pipe
NSE,19235,IMFA,Indian Metals & Ferro Alloys
NSE,1624,IOC,Indian Oil Corporation
NSE,9348,IOB,Indian Overseas Bank
NSE,2029,IRFC,Indian Railway Finance Corp
NSE,21957,INDTERRAIN,Indian Terrain Fashions
NSE,2048,INDIGOPNTS,Indigo Paints
NSE,9116,INDOAMIN,Indo Amines
NSE,8614,INDOBORAX,Indo Borax & Chemicals
NSE,11987,ICIL,Indo Count Industries
NSE,7876,NIPPOBATRY,Indo National Limited
NSE,10993,INDORAMA,Indo Rama Synthetics India
NSE,13278,INDOTECH,Indo Tech Transformers
NSE,25612,INDOTHAI,Indo Thai Securities
NSE,11677,INDOCO,Indoco Remedies
NSE,3098,INDOSTAR,IndoStar Capital Finance
NSE,14956,INDOWIND,Indowind Energy
NSE,11262,IGL,Indraprastha Gas
NSE,8852,INDRAMEDCO,Indraprastha Medical Corporation
NSE,29135,INDUSTOWER,Indus Towers
NSE,5258,INDUSINDBK,Indusind Bank
NSE,19529,IITL,Industrial Investment Trust
NSE,16249,INFIBEAM,Infibeam Avenues
NSE,15036,INFINIUM,Infinium Pharmachem
NSE,13751,NAUKRI,Info Edge
NSE,11027,INFOBEAN,InfoBeans Technologies
NSE,16588,INFOLLION,Infollion Research Services
NSE,13693,INFOMEDIA,Infomedia Press
NSE,1594,INFY,Infosys
NSE,1597,INGERRAND,Ingersoll Rand India
NSE,666,INNOVANA,Innovana Thinklabs
NSE,21862,INNOVATIVE,Innovative Tyres and Tubes
NSE,12188,INOXGREEN,Inox Green Energy Services
NSE,7852,INOXWIND,Inox Wind
NSE,3776,IWEL,INOX WIND ENERGY LIMITED
NSE,14657,INSECTICID,Insecticides India
NSE,13734,INSPIRISYS,Inspirisys Solutions
NSE,30327,ESSENTIA,INTEGRA ESSENTIA LIMITED
NSE,11903,IPSL,Integrated Personnel Services
NSE,5926,INTELLECT,Intellect Design Arena
NSE,20071,INTENTECH,Intense Technologies
NSE,11195,INDIGO,Interglobe Aviation
NSE,5606,INTLCONV,International Conveyors
NSE,18479,ISFT,Intrasoft Technologies
NSE,24870,INVENTURE,Inventure Growth and Securities
NSE,18292,IVZINGOLD,Invesco India Gold ETF
NSE,20413,IOLCP,IOL Chemicals and Pharmaceuticals
NSE,1630,IONEXCHANG,Ion Exchange
NSE,1633,IPCALAB,IPCA Laboratories
NSE,15313,IRB,IRB Infrastructure Developers
NSE,4986,IRCON,Ircon International
NSE,13611,IRCTC,IRCTC
NSE,6489,IRIS,IRIS Business Services
NSE,2275,IRISDOREME,Iris Clothings
NSE,3329,ISGEC,Isgec Heavy Engineering
NSE,10995,ISHAN,Ishan International
NSE,14932,ISMTLTD,ISMT
NSE,1660,ITC,ITC
NSE,5622,ITDCEM,ITD Cementation India
NSE,1675,ITI,ITI
NSE,8857,IVP,IVP
NSE,14178,IZMO,IZMO
NSE,1726,JBCHEPHARM,J B Chemicals and Pharmaceuticals
NSE,15266,JKIL,J Kumar Infraprojects
NSE,5633,J&KBANK,J&K Bank
NSE,13211,JAGRAN,Jagran Prakashan
NSE,4410,JAGSNPHARM,Jagsonpal Pharmaceuticals
NSE,14076,JAIBALAJI,Jai Balaji Industries
NSE,5143,JAICORPLTD,Jai Corp
NSE,25684,JISLDVREQS,Jain Irrigation DVR
NSE,10397,JISLJALEQS,Jain Irrigation Systems
NSE,6012,JAINAM,JAINAM FER ALLOYS (I) LTD
NSE,11460,JPASSOCIAT,Jaiprakash Associates
NSE,11763,JPPOWER,Jaiprakash Power Ventures
NSE,3949,JAKHARIA,Jakharia Fabric
NSE,20929,JALAN,JALAN TRANSOLU. INDIA LTD
NSE,20778,JAMNAAUTO,Jamna Auto Industries
NSE,13982,JASH,Jash Engineering
NSE,1708,JAYBARMARU,Jay Bharat Maruti
NSE,10889,KORE,Jay Jalaram Technologies
NSE,4041,JAYAGROGN,Jayant Agro Organics
NSE,2331,JAYNECOIND,Jayaswal Neco Industries
NSE,1720,JAYSREETEA,Jayshree Tea & Industries
NSE,11655,JBMA,JBM Auto
NSE,9038,JSLL,Jeena Sikho Lifecare
NSE,13420,JETAIRWAYS,Jet Airways
NSE,7213,JETFREIGHT,Jet Freight Logistics
NSE,18699,JETKNIT,Jet Knitwears
NSE,10885,JFLLIFE,JFL Life Sciences
NSE,13723,JHS,JHS Svendgaard Laboratories
NSE,13875,JINDRILL,Jindal Drilling & Industries
NSE,11743,JINDALPHOT,Jindal Photo
NSE,1756,JINDALPOLY,Jindal Poly Films
NSE,31507,JPOLYINVST,Jindal Poly Inv. & Fin.
NSE,3024,JINDALSAW,Jindal SAW
NSE,11236,JSL,Jindal Stainless
NSE,6733,JINDALSTEL,Jindal Steel
NSE,20642,JINDWORLD,Jindal Worldwide
NSE,19695,JITFINFRA,JITF Infralogistics
NSE,13270,JKCEMENT,JK Cement
NSE,13491,JKLAKSHMI,JK Lakshmi Cement
NSE,11860,JKPAPER,JK Paper
NSE,14435,JKTYRE,JK Tyre & Industries
NSE,13637,JMFINANCIL,JM Financial
NSE,16927,JOCIL,Jocil
NSE,4491,JCHAC,Johnson Controls Hitachi AC
NSE,17869,JSWENERGY,JSW Energy
NSE,11880,JSWHL,JSW Holdings
NSE,4671,JSWISPL,JSW Ispat Special Products
NSE,11723,JSWSTEEL,JSW Steel
NSE,3237,JTEKTINDIA,JTEKT India
NSE,7287,JTLIND,JTL Industries
NSE,18096,JUBLFOOD,Jubilant FoodWorks
NSE,21541,JUBLINDS,Jubilant Industries
NSE,2783,JUBLINGREA,Jubilant Ingrevia
NSE,3637,JUBLPHARMA,Jubilant Pharmova
NSE,7109,JMA,Jullundur Motor Agency
NSE,20224,JWL,Jupiter Wagons
NSE,29962,JUSTDIAL,Just Dial
NSE,15146,JYOTHYLAB,Jyothy Laboratories
NSE,5481,JYOTISTRUC,Jyoti Structures
NSE,1805,KABRAEXTRU,Kabra Extrusiontechnik
NSE,1808,KAJARIACER,Kajaria Ceramics
NSE,1811,KAKATCEM,Kakatiya Cement Sugar & Industries
NSE,1814,KPIL,Kalpataru Power Transmission
NSE,2955,KALYANKJIL,Kalyan Jewellers
NSE,19653,KALYANI,Kalyani Commercials
NSE,15160,KALYANIFRG,Kalyani Forge
NSE,21119,KICL,Kalyani Investment Company
NSE,18889,KSL,Kalyani Steels
NSE,9784,KAMATHOTEL,Kamat Hotels
NSE,13457,KAMDHENU,Kamdhenu
NSE,13814,KAMOPAINTS,Kamdhenu Ventures
NSE,25790,KANANIIND,Kanani Industries
NSE,11208,KANDARP,Kandarp Digi Smart BPO
NSE,1835,KANORICHEM,Kanoria Chemicals & Industries
NSE,1782,KANPRPLA,Kanpur Plastipack
NSE,1196,KANSAINER,Kansai Nerolac Paints
NSE,18967,KAPSTON,Kapston Services
NSE,24385,KARMAENG,Karma Energy
NSE,8054,KTKBANK,Karnataka Bank
NSE,1838,KARURVYSYA,Karur Vysya Bank
NSE,15140,KAUSHALYA,Kaushalya Infrastructure
NSE,14972,KSCL,Kaveri Seed Company
NSE,15248,KAVVERITEL,Kavveri Telecom Products
NSE,10276,KAYA,Kaya
NSE,12092,KAYNES,Kaynes Technology India
NSE,2360,KBCGLOBAL,KBC Global
NSE,10293,KCK,KCK Industries
NSE,1841,KCP,KCP
NSE,4809,KCPSUGIND,KCP Sugar and Industries
NSE,14908,KDDL,KDDL
NSE,13260,KEC,KEC International
NSE,1135,KEERTI,Keerti Knowledge and Skills
NSE,13310,KEI,KEI Industries
NSE,13430,KELLTONTEC,Kellton Tech Solutions
NSE,11841,KENNAMET,Kennametal India
NSE,13125,KERNEX,Kernex Microsystems
NSE,1859,KESORAMIND,Kesoram Industries
NSE,13381,KKCL,Kewal Kiran Clothing
NSE,4157,KEYFINSERV,Keynote Financial Services
NSE,12219,RUSTOMJEE,Keystone Realtors
NSE,13359,KFINTECH,KFin Technologies
NSE,425,KHADIM,Khadim India
NSE,896,KHAICHEM,Khaitan Chemicals and Fertilizers
NSE,3912,KHAITANLTD,Khaitan India
NSE,9645,KHANDSE,Khandwala Securities
NSE,9570,KHFM,KHFM Hospitality
NSE,19941,KILITCH,Kilitch Drugs India
NSE,18944,KINGFA,Kingfa Science & Technology
NSE,16639,KIRIINDUS,Kiri Industries
NSE,18581,KIRLOSBROS,Kirloskar Brothers
NSE,18224,KECL,Kirloskar Electric Co
NSE,14466,KIRLFER,Kirloskar Ferrous Industries
NSE,19025,KIRLOSIND,Kirloskar Industries
NSE,20936,KIRLOSENG,Kirloskar Oil Engines
NSE,15180,KIRLPNU,Kirloskar Pneumatic Company
NSE,28899,KITEX,Kitex Garments
NSE,17781,KKVAPOW,KKV Agro Powers
NSE,14667,KMSUGAR,KM Sugar Mills
NSE,8602,KNAGRI,KN AGRI RESOURCES LIMITED
NSE,15283,KNRCON,KNR Constructions
NSE,7675,KOHINOOR,Kohinoor Foods
NSE,16827,KOKUYOCMLN,Kokuyo Camlin
NSE,15124,KOLTEPATIL,Kolte Patil Developers
NSE,1919,KOPRAN,Kopran
NSE,16758,KDL,Kore Digital
NSE,1922,KOTAKBANK,Kotak Mahindra Bank
NSE,4594,KOTHARIPET,Kothari Petrochemicals
NSE,5528,KOTHARIPRO,Kothari Products
NSE,11647,KOTARISUG,Kothari Sugars & Chemicals
NSE,6441,KOTYARK,Kotyark Industries
NSE,5192,KOVAI,Kovai Medical Center Hospital
NSE,5108,KPIGREEN,KPI Green Energy
NSE,9683,KPITTECH,KPIT Technologies
NSE,14912,KPRMILL,KPR Mill
NSE,10577,KRBL,KRBL
NSE,7885,KREBSBIO,Krebs Biochemicals & Industries
NSE,11488,KRIDHANINF,Kridhan Infra
NSE,12847,KRISHANA,Krishana Phoschem
NSE,16133,KRISHCA,Krishca Strapping Solutions
NSE,8671,KRISHIVAL,KRISHIVAL FOODS LIMITED
NSE,8782,KRISHNADEF,Krishna Defence and Allied Industries
NSE,4847,KIMS,Krishna Institute of Medical Sciences
NSE,6417,KRITI,Kriti Industries India
NSE,11440,KRITINUT,Kriti Nutrients
NSE,9296,KRITIKA,Kritika Wires
NSE,5359,KRSNAA,Krsnaa Diagnostics
NSE,1949,KSB,KSB
NSE,10412,KSHITIJPOL,Kshitij Polyline
NSE,11060,KSOLVES,Ksolves India
NSE,13870,KUANTUM,Kuantum Papers
NSE,19126,KIOCL,Kudremukh Iron Ore Company
NSE,24948,L&TFH,L&T Finance Holdings
NSE,18564,LTTS,L&T Technology Services
NSE,14423,LAOPALA,La Opala RG
NSE,5867,LAGNAM,LAGNAM SPINTEX LIMITED
NSE,7902,LFIC,Lakshmi Finance & Industrial Corp
NSE,1979,LAXMIMACH,Lakshmi Machine Works
NSE,4774,LAKPRE,Lakshmi Precision Screws
NSE,6412,LAMBODHARA,Lambodhara Textiles
NSE,13276,LANDMARK,Landmark Cars
NSE,16863,LPDC,Landmark Property Development
NSE,11483,LT,Larsen & Toubro
NSE,21713,LASA,Lasa Supergenerics
NSE,6818,LATENTVIEW,Latent View Analytics
NSE,15848,LATTEYS,Latteys Industries
NSE,19234,LAURUSLABS,Laurus Labs
NSE,6568,LAXMICOT,LAXMI COTSPIN LIMITED
NSE,18475,LGHL,Laxmi Goldrona House
NSE,2841,LXCHEM,Laxmi Organic Industries
NSE,7537,LCCINFOTEC,LCC Infotech
NSE,9372,LEMERITE,Le Merite Exports
NSE,14204,LRRPL,Lead Reclaim and Rubber Products
NSE,2606,LEMONTREE,Lemon Tree Hotels
NSE,14462,LEXUS,Lexus Granito
NSE,18321,LGBBROSLTD,LG Balakrishnan & Bros
NSE,16845,LGBFORGE,LGB Forge
NSE,11082,LIBAS,Libas Consumer
NSE,1994,LIBERTSHOE,Liberty Shoes
NSE,1997,LICHSGFIN,LIC Housing Finance
NSE,9480,LICI,LIC of India
NSE,578,LIKHITHA,Likhitha Infrastructure
NSE,6951,LINC,Linc Pen & Plastics
NSE,11596,LINCOLN,Lincoln Pharmaceuticals
NSE,1627,LINDEINDIA,Linde India
NSE,11472,LLOYDS,Lloyds Luxuries
NSE,17313,LLOYDSME,Lloyds Metals & Energy
NSE,17801,LSIL,Lloyds Steel Industries
NSE,13439,LOKESHMACH,Lokesh Machines
NSE,14929,LAL,Lorenzini Apparels
NSE,16811,LOTUSEYE,Lotus Eye Hospital
NSE,22415,LOVABLE,Lovable Lingerie
NSE,10590,LOYALTEX,Loyal Textile Mills
NSE,13816,DAAWAT,LT Foods
NSE,17818,LTIM,LTI Mindtree
NSE,14014,LUMAXTECH,Lumax Auto Technologies
NSE,2018,LUMAXIND,Lumax Industries
NSE,10440,LUPIN,Lupin
NSE,11301,LUXIND,Lux Industries
NSE,2028,LYKALABS,Lyka Labs
NSE,31468,LYPSAGEMS,Lypsa Gems Jewellery
NSE,13285,M&MFIN,M&M Financial Services
NSE,15018,MAANALU,Maan Aluminium
NSE,22347,MACPOWER,Macpower CNC Machines
NSE,3220,LODHA,Macrotech Developers
NSE,22360,MCL,Madhav Copper
NSE,15151,MADHAV,Madhav Marble & Granites
NSE,13668,MADHUCON,Madhucon Projects
NSE,12686,MBAPL,Madhya Bharat Agro
NSE,21792,MPTODAY,Madhya Pradesh Today Media
NSE,4911,MADRASFERT,Madras Fertilizers
NSE,21392,MAGADSUGAR,Magadh Sugar & Energy
NSE,14961,MAGNUM,Magnum Ventures
NSE,17088,MAGSON,Magson Retail and Distribution
NSE,8679,MAHAPEXLTD,Maha Rashtra Apex Corporation
NSE,7889,MHLXMIRU,Mahalaxmi Rubtech
NSE,17531,MAHASTEEL,Mahamaya Steel Industries
NSE,17534,MGL,Mahanagar Gas
NSE,2294,MTNL,Mahanagar Telephone Nigam
NSE,2085,MAHSCOOTER,Maharashtra Scooters
NSE,2088,MAHSEAMLES,Maharashtra Seamless
NSE,9577,MAHESHWARI,Maheshwari Logistics
NSE,2839,MAHICKRA,MAHICKRA CHEMICAL LIMITED
NSE,2031,M&M,Mahindra & Mahindra
NSE,17603,MAHEPC,Mahindra EPC Irrigation
NSE,17333,MHRIL,Mahindra Holidays
NSE,8050,MAHLIFE,Mahindra Lifespaces
NSE,385,MAHLOG,Mahindra Logistic
NSE,24538,MAITHANALL,Maithan Alloys
NSE,11218,MAKS,Maks Energy Solutions India
NSE,7965,MALLCOM,Mallcom India
NSE,13352,MALUPAPER,Malu Paper Mills
NSE,11884,MANINDS,Man Industries
NSE,18226,MANINFRA,Man Infraconstruction
NSE,15199,MANAKSIA,Manaksia
NSE,7420,MANAKALUCO,Manaksia Aluminium Company
NSE,7413,MANAKCOAT,Manaksia Coated Metals & Ind
NSE,7463,MANAKSTEEL,Manaksia Steels
NSE,13796,MANALIPETC,Manali Petrochemicals
NSE,19061,MANAPPURAM,Manappuram Finance
NSE,21697,MANAV,Manav Infra Projects
NSE,2106,MANGLMCEM,Mangalam Cement
NSE,11817,MANGALAM,Mangalam Drugs and Organics
NSE,1598,MGEL,Mangalam Global Enterprise
NSE,6422,MANORG,Mangalam Organics
NSE,10311,MWL,Mangalam Worldwide
NSE,15007,MANGCHEFER,Mangalore Chemicals & Fertilizers
NSE,2283,MRPL,Mangalore Refinery & Petroleum
NSE,20830,MOIL,Manganese Ore India
NSE,15380,MANKIND,Mankind Pharma
NSE,13760,MANOMAY,Manomay Tex India
NSE,10230,MANORAMA,Manorama Industries
NSE,13572,MANUGRAPH,Manugraph India
NSE,2112,MARALOVER,Maral Overseas
NSE,18659,MARATHON,Marathon NextGen Realty
NSE,4067,MARICO,Marico
NSE,1328,MARINE,MARINE ELECTRICAL (I) LTD
NSE,10579,MARKSANS,Marksans Pharma
NSE,6764,MARSHALL,MARSHALL MACHINES LTD
NSE,10999,MARUTI,Maruti Suzuki
NSE,2132,MDL,Marvel Decor
NSE,199,MASFIN,MAS Financial Services
NSE,18731,MASKINVEST,Mask Investments
NSE,2124,MASTEK,Mastek
NSE,21726,MATRIMONY,Matrimony.com
NSE,17022,MAWANASUG,Mawana Sugars
NSE,2142,MFSL,Max Financial Services
NSE,22377,MAXHEALTH,Max Healthcare Institute
NSE,22428,MAXIND,Max India
NSE,17468,MAXVIL,Max Ventures and Industries
NSE,28906,MAYURUNIQ,Mayur Uniquoters
NSE,509,MAZDOCK,Mazagon Dock Shipbuilders
NSE,18870,MAZDA,Mazda
NSE,18033,MBLINFRA,MBL Infrastructures
NSE,11943,MCLEODRUSS,McLeod Russel
NSE,13687,MBECL,McNally Bharat Engineering Co
NSE,14574,MCON,Mcon Rasayan India
NSE,6278,MEDICAMEQ,Medicamen Biotech
NSE,9667,MEDICO,Medico Remedies
NSE,7254,MEDPLUS,Medplus Health Services
NSE,10971,MEGAFLEX,Mega Flex Plastics
NSE,14793,MEGASOFT,Megasoft
NSE,8156,MEGASTAR,Megastar Foods
NSE,5382,MFL,MEGHMANI FINECHEM LIMITED
NSE,5394,MOL,MEGHMANI ORGANICS LIMITED
NSE,17950,MELSTAR,Melstar Information Technologies
NSE,6961,MENONBE,Menon Bearings
NSE,8771,MEP,MEP Infrastructure Developers
NSE,3289,METALFORGE,Metalyst Forgings
NSE,7242,METROBRAND,Metro Brands
NSE,9581,METROPOLIS,Metropolis Healthcare
NSE,7165,MICEL,MIC Electronics
NSE,159,MILTON,Milton Industries
NSE,25897,MINDACORP,Minda Corporation
NSE,8900,MINDPOOL,Mindpool Technologies
NSE,18053,MINDTECK,Mindteck India
NSE,14286,MAGOLDETF,MIRAEAMC - MAGOLDETF
NSE,6853,MIRCELECTR,MIRC Electronics
NSE,6665,MIRZAINT,Mirza International
NSE,2463,MIDHANI,Mishra Dhatu Nigam
NSE,8469,MITCON,MITCON Cons. & Engg. Services
NSE,18666,MITTAL,Mittal Life Style
NSE,16736,MKPL,MK Proteins
NSE,13844,MMFL,MM Forgings
NSE,16426,MMP,MMP Industries
NSE,17957,MMTC,MMTC
NSE,6934,MODIRUBBER,Modi Rubber
NSE,3316,MODISONLTD,Modison Metals
NSE,1426,MHHL,Mohini Health & Hygiene
NSE,29423,MOHITIND,Mohit Industries
NSE,3586,MOKSH,MOKSH ORNAMENTS LIMITED
NSE,6713,MOLDTKPAC,Mold-Tek Packaging
NSE,17625,MOLDTECH,Mold-Tek Technologies
NSE,7679,MONARCH,Monarch Networth Capital
NSE,5938,MONTECARLO,Monte Carlo Fashions
NSE,28877,MORARJEE,Morarjee Textiles
NSE,2259,MOREPENLAB,Morepen Laboratories
NSE,15051,MOS,Mos Utility
NSE,8596,MSUMI,Motherson Sumi Wiring
NSE,14947,MOTILALOFS,Motilal Oswal Financial Services
NSE,2268,MOTOGENFIN,Motor & General Finance
NSE,13502,MOXSH,Moxsh Overseas Educon
NSE,4503,MPHASIS,Mphasis
NSE,10578,MPSLTD,MPS
NSE,2277,MRF,MRF
NSE,8998,MRO-TEK,MRO-TEK Reality
NSE,1628,BECTORFOOD,Mrs. Bectors Food Specialities
NSE,11922,MSPL,MSP Steel & Power
NSE,9356,MSTCLTD,MSTC
NSE,31413,MTEDUCARE,MT Educare
NSE,2709,MTARTECH,MTAR Technologies
NSE,11325,MUKANDLTD,Mukand
NSE,8687,MUKTAARTS,Mukta Arts
NSE,31181,MCX,Multi Commodity Exchange
NSE,13511,MUNJALAU,Munjal Auto Industries
NSE,2307,MUNJALSHOW,Munjal Showa
NSE,9024,MURUDCERA,Murudeshwar Ceramics
NSE,19881,RADIOCITY,Music Broadcast
NSE,15082,RADIOCITY,MUSIC BROADCAST LIMITED
NSE,10415,MUTHOOTCAP,Muthoot Capital Services
NSE,23650,MUTHOOTFIN,Muthoot Finance
NSE,20314,NRAIL,N R Agarwal Industries
NSE,12848,N1NSETEST,N1NSETEST
NSE,20425,NACLIND,NACL Industries
NSE,18375,NDGL,Naga Dhunseri Group
NSE,2319,NCC,Nagarjuna Construction Company
NSE,17295,NAGAFERT,Nagarjuna Fertilizers & Chemicals
NSE,14943,NAGREEKCAP,Nagreeka Capital & Infrastructure
NSE,14705,NAGREEKEXP,Nagreeka Exports
NSE,15360,NAHARCAP,Nahar Capital & Financial Services
NSE,13106,NAHARINDUS,Nahar Industrial Enterprises
NSE,14445,NAHARPOLY,Nahar Poly Films
NSE,14440,NAHARSPING,Nahar Spinning Mills
NSE,5404,NGIL,Nakoda Group of Industries
NSE,6364,NATIONALUM,NALCO
NSE,11239,NSIL,Nalwa Sons Investments
NSE,31258,NDL,Nandan Denim
NSE,5516,JAIPURKURT,NANDANI CREATION LIMITED
NSE,11840,NH,Narayana Hrudayalaya
NSE,11627,NARMADA,Narmada Agrobase
NSE,3918,NATCOPHARM,Natco Pharma
NSE,11065,NATHBIOGEN,Nath Bio-Genes
NSE,13925,NFL,National Fertilizers
NSE,4014,NAVA,Nava Bharat Ventures
NSE,14672,NAVINFLUOR,Navin Fluorine International
NSE,10557,NAVKARCORP,Navkar Corporation
NSE,2385,NAVNETEDUL,Navneet Education
NSE,2987,NAZARA,Nazara Technologies
NSE,31415,NBCC,NBCC India
NSE,19111,NBIFIN,NBI Industrial Finance Company
NSE,14490,NCLIND,NCL Industries
NSE,14550,NDLVENTURE,NDL Ventures
NSE,22257,NDRAUTO,NDR Auto Components
NSE,11427,NDTV,NDTV
NSE,17384,NECCLTDPP,NECCLTD RS.5 PPD UP
NSE,11927,NECLIFE,Nectar Lifesciences
NSE,14761,NELCAST,Nelcast
NSE,2388,NELCO,NELCO
NSE,9917,NEOGEN,Neogen Chemicals
NSE,15409,NESCO,Nesco
NSE,17963,NESTLEIND,Nestle India
NSE,17433,NETWEB,Netweb Technologies
NSE,14111,NETWORK18,Network 18 Media
NSE,5299,NPST,Network People Services Tech
NSE,2406,NEULANDLAB,Neuland Laboratories
NSE,1164,NEWGEN,Newgen Software Technologies
NSE,9867,NEXTMEDIA,Next Mediaworks
NSE,10277,NGLFINE,NGL Fine Chem
NSE,17400,NHPC,NHPC
NSE,6592,NIDAN,Nidan Labs and Healthcare
NSE,11522,NIITLTD,NIIT
NSE,9253,NILAINFRA,Nila Infrastructures
NSE,7450,NILASPACES,Nila Spaces
NSE,2421,NILKAMAL,Nilkamal
NSE,14197,NINSYS,NINtec Systems
NSE,357,NAM-INDIA,Nippon Life India AMC
NSE,255,NIRAJ,Niraj Cement Structurals
NSE,18844,NIRAJISPAT,Niraj Ispat Industries
NSE,14722,NIRMAN,Nirman Agri Genetics
NSE,13300,NITCO,NITCO Tiles
NSE,13175,NITINSPIN,Nitin Spinners
NSE,3247,NITIRAJ,Nitiraj Engineers
NSE,2439,NKIND,NK Industries
NSE,8585,NLCINDIA,NLC India
NSE,15332,NMDC,NMDC
NSE,14180,NSLNISP,NMDC Steel
NSE,2442,NOCIL,NOCIL
NSE,10786,NOIDATOLL,Noida Toll Bridge
NSE,9431,NORBTEAEXP,Norben Tea & Exports
NSE,13522,NECCLTD,North Eastern Carrying Corp.
NSE,9007,NOVARTIND,Novartis India
NSE,7553,NRBBEARING,NRB Bearings
NSE,29737,NIBL,NRB Industrial Bearings
NSE,11630,NTPC,NTPC
NSE,10791,NUCLEUS,Nucleus Software
NSE,13675,NRL,Nupur Recyclers
NSE,2353,NURECA,Nureca
NSE,5426,NUVOCO,Nuvoco Vistas Corporation
NSE,6545,NYKAA,Nykaa
NSE,20242,OBEROIRLTY,Oberoi Realty
NSE,2475,ONGC,Oil and Natural Gas Corporation
NSE,8109,OILCOUNTUB,Oil Country Tubular
NSE,17438,OIL,Oil India
NSE,10637,OLECTRA,Olectra Greentech
NSE,24235,OMINFRAL,Om Infra
NSE,14125,OMAXAUTO,Omax Autos
NSE,14853,OMAXE,Omaxe
NSE,117,OMFURN,Omfurn India
NSE,9940,ONEPOINT,One Point One Solutions
NSE,25492,ONELIFECAP,Onelife Capital Advisors
NSE,15278,ONMOBILE,OnMobile Global
NSE,2481,ONWARDTEC,Onward Technologies
NSE,21469,OPTIEMUS,Optiemus Infracom
NSE,10738,OFSS,Oracle Financial Services Software
NSE,31479,ORBTEXP,Orbit Exports
NSE,929,ORCHPHARMA,Orchid Pharma
NSE,10163,ORICONENT,Oricon Enterprises
NSE,13114,ORIENTCER,Orient Abrasives
NSE,14278,ORIENTBELL,Orient Bell
NSE,30089,ORIENTCEM,Orient Cement
NSE,2972,ORIENTELEC,Orient Electric
NSE,20110,GREENPOWER,Orient Green Power
NSE,2496,ORIENTPPR,Orient Paper and Industries
NSE,18208,ORIENTLTD,Orient Press
NSE,10768,OAL,Oriental Aromatics
NSE,12231,OCCL,Oriental Carbon & Chemicals
NSE,2493,ORIENTHOT,Oriental Hotels
NSE,14346,ORIENTALTL,Oriental Trimex
NSE,8797,OBCL,Orissa Bengal Carrier
NSE,19931,ORISSAMINE,Orissa Minerals Development Comp
NSE,13321,ORTEL,Ortel Communications
NSE,2980,ORTINLAB,Ortin Laboratories
NSE,12643,OSIAHYPER,Osia Hyper Retail
NSE,2514,OSWALAGRO,Oswal Agro Mills
NSE,471,OSWALGREEN,Oswal Greentech
NSE,14413,PAGEIND,Page Industries
NSE,25468,PAISALO,Paisalo Digital
NSE,17197,PAKKA,Pakka
NSE,21387,PALASHSECU,Palash Securities
NSE,17062,PALREDTEC,Palred Technologies
NSE,4055,PANACEABIO,Panacea Biotec
NSE,16292,PANACHE,Panache Digilife
NSE,25392,PANAMAPET,Panama Petrochem
NSE,6141,PANSARI,PANSARI DEVELOPERS LTD
NSE,5637,PAR,PAR DRUGS AND CHEM LTD
NSE,9741,PARADEEP,Paradeep Phosphates
NSE,17130,PARAGMILK,Parag Milk Foods
NSE,13951,PARACABLES,Paramount Communications
NSE,5911,PARAS,Paras Defence Space Tech
NSE,8975,PARASPETRO,PARAS PETROFILS LTD.
NSE,5460,PARIN,Parin Furniture
NSE,13791,PARSVNATH,Parsvnath Developers
NSE,2599,PARTYCRUS,Party Cruisers
NSE,21657,PASHUPATI,Pashupati Cotspin
NSE,6045,PASUPTAC,Pasupati Acrylons
NSE,17030,PATANJALI,Patanjali Foods
NSE,11702,PATELENG,Patel Engineering
NSE,15219,PATINTLOG,Patel Integrated Logistic
NSE,15137,PATTECH,Pattech Fitwell Tube Components
NSE,16192,PAVNAIND,Pavna Industries
NSE,6705,PAYTM,Paytm
NSE,6656,POLICYBZR,PB FinTech
NSE,29124,PCJEWELLER,PC Jeweller
NSE,2649,PCBL,PCBL
NSE,5264,PDSL,PDS Multinational Fashions
NSE,8735,PROPEQUITY,PE Analytics
NSE,14260,PGIL,Pearl Global Industries
NSE,2610,PEARLPOLY,Pearl Polymers
NSE,2256,PENINLAND,Peninsula Land
NSE,20621,PENIND,Pennar Industries
NSE,2823,PENTAGOLD,Penta Gold
NSE,17132,PENTAGON,Pentagon Rubber
NSE,11250,PERFECT,Perfect Infraengineers
NSE,10318,PKTEA,Peria Karamalai Tea
NSE,18365,PERSISTENT,Persistent Systems
NSE,11351,PETRONET,Petronet LNG
NSE,2643,PFIZER,Pfizer
NSE,25358,PGEL,PG Electroplast
NSE,11612,PHANTOMFX,Phantom Digital Effects
NSE,14552,PHOENIXLTD,Phoenix Mills
NSE,24184,PIIND,PI Industries
NSE,2664,PIDILITIND,Pidilite Industries
NSE,30838,PILITA,Pil Italica Lifestyle
NSE,11445,PILANIINVS,Pilani Investment and Industries Corp
NSE,13463,PIONEEREMB,Pioneer Embroideries
NSE,2412,PEL,Piramal Enterprises
NSE,11571,PPLPHARMA,Piramal Pharma
NSE,14134,PITTIENG,Pitti Engineering
NSE,9087,PIXTRANS,PIX Transmissions
NSE,13920,PLASTIBLEN,Plastiblends India
NSE,8736,PNBGILTS,PNB Gilts
NSE,18908,PNBHOUSING,PNB Housing Finance
NSE,9385,PNCINFRA,PNC Infratech
NSE,20450,PODDARHOUS,Poddar Housing & Development
NSE,19036,PODDARMENT,Poddar Pigments
NSE,17651,POKARNA,Pokarna
NSE,25718,POLYMED,Poly Medicure
NSE,9590,POLYCAB,Polycab India
NSE,2687,POLYPLEX,Polyplex Corporation
NSE,14385,POCL,PONDY OXIDES & CHEM LTD
NSE,10661,PONNIERODE,Ponni Sugars Erode
NSE,11403,POONAWALLA,Poonawalla Fincorp
NSE,14299,PFC,Power Finance Corporation
NSE,14977,POWERGRID,Power Grid Corporation of India
NSE,15730,PIGL,POWER INSTRUMENT (G) LTD
NSE,10473,POWERMECH,Power Mech Projects
NSE,15209,PPAP,PPAP Automotive
NSE,2705,PRAJIND,Praj Industries
NSE,13941,PRAENG,Prajay Engineers Syndicate
NSE,2708,PRAKASH,Prakash Industries
NSE,10297,PPL,Prakash Pipes
NSE,19599,PRAKASHSTL,Prakash Steelage
NSE,21840,DIAMONDYD,Prataap Snacks
NSE,1216,PRAXIS,Praxis Home Retail
NSE,12603,PRECAM,Precision Camshafts
NSE,7950,PRECISION,PRECISION METALIKS LTD
NSE,2717,PRECWIRE,Precision Wires India
NSE,2711,PRECOT,Precot
NSE,6248,PREMIER,Premier
NSE,17397,PREMEXPLN,Premier Explosives
NSE,10401,PREMIERPOL,Premier Polyfilm
NSE,11672,PRESSMN,Pressman Advertising
NSE,20302,PRESTIGE,Prestige Estate
NSE,19631,PRICOLLTD,Pricol
NSE,13496,PFOCUS,Prime Focus
NSE,11864,PRIMESECU,Prime Securities
NSE,16045,PRINCEPIPE,Prince Pipes and Fittings
NSE,2739,PRSMJOHNSN,Prism Johnson
NSE,8310,PRITI,PRITI INTERNATIONAL LTD
NSE,5292,PRITIKAUTO,Pritika Auto Industries
NSE,12971,PRITIKA,Pritika Engineering Components
NSE,9342,PNC,Pritish Nandy Communications
NSE,8825,PRIVISCL,Privi Speciality Chemicals
NSE,940,PGHL,Procter & Gamble Health
NSE,2535,PGHH,Procter & Gamble Hygiene & Health Care
NSE,19352,PROLIFE,Prolife Industries
NSE,16483,PROV,Proventus Agrocom
NSE,28859,PROZONINTU,Prozone Intu Properties
NSE,9553,PRUDENT,Prudent Corporate Advisors
NSE,20877,PSPPROJECT,PSP Projects
NSE,11355,PTC,PTC India
NSE,22602,PFS,PTC India Financial Services
NSE,16682,PTCIL,PTC Industries
NSE,14101,PTL,PTL Enterprises
NSE,15377,PDMJEPAPER,Pudumjee Paper Products
NSE,507,PULZ,Pulz Electronics
NSE,21001,PSB,Punjab & Sind Bank
NSE,4344,PUNJABCHEM,Punjab Chemicals & Crop Protection
NSE,10666,PNB,Punjab National Bank
NSE,14922,PURVA,Puravankara
NSE,6273,PVP,PVP Ventures
NSE,13147,PVRINOX,PVR Inox
NSE,11467,QMSMEDI,QMS Medical Allied Services
NSE,5870,QUADPRO,QUADPRO ITES LIMITED
NSE,14613,QFIL,Quality Foils
NSE,17704,QUESS,Quess Corp
NSE,13116,QUICKHEAL,Quick Heal Technologies
NSE,15285,QUICKTOUCH,Quicktouch Technologies
NSE,13414,RSYSTEMS,R Systems International
NSE,15391,RACE,Race Eco Chain
NSE,9854,RILINFRA,Rachana Infrastructure
NSE,11268,RADAAN,Radaan Mediaworks
NSE,4820,RMCL,Radha Madhav Corporation
NSE,10343,RADHIKAJWE,Radhika Jeweltech
NSE,13580,RADIANTCMS,Radiant Cash Management Services
NSE,10990,RADICO,Radico Khaitan
NSE,9552,RVNL,Rail Vikas Nigam
NSE,2431,RAILTEL,Railtel Corporation of India
NSE,15337,RAIN,Rain Industries
NSE,9408,RAINBOW,Rainbow Childrens Medicare
NSE,359,ROML,Raj Oil Mills
NSE,8428,RAJRILTD,RAJ RAYON INDUSTRIES LTD
NSE,14407,RAJTV,Raj TV Network
NSE,9499,ARENTERP,Rajdarshan Industries
NSE,7401,RAJESHEXPO,Rajesh Exports
NSE,2171,RAJMET,Rajnandini Metal
NSE,18962,RAJRATAN,Rajratan Global Wire
NSE,6913,RPPL,RAJSHREE POLYPACK LTD
NSE,2809,RAJSREESUG,Rajshree Sugars & Chemicals
NSE,2816,RALLIS,Rallis India
NSE,10485,RAMRAT,Ram Ratna Wires
NSE,10568,RAMAPHO,Rama Phosphates
NSE,10300,RAMASTEEL,Rama Steel Tubes
NSE,2043,RAMCOCEM,Ramco Cements
NSE,4587,RAMCOIND,Ramco Industries
NSE,7851,RAMCOSYS,Ramco Systems
NSE,11411,RKFORGE,Ramkrishna Forgings
NSE,20134,RAMKY,Ramky Infrastructure
NSE,2837,RANASUG,Rana Sugars
NSE,16745,RBL,Rane Brake Lining
NSE,16755,RANEENGINE,Rane Engine Valve
NSE,2844,RANEHOLDIN,Rane Holdings
NSE,11975,RML,Rane Madras
NSE,2866,RCF,Rashtriya Chemicals and Fertilizers
NSE,7177,RATEGAIN,RateGain Travel
NSE,13451,RATNAMANI,Ratnamani Metals and Tubes
NSE,27297,RTNINDIA,RattanIndia Enterprises
NSE,17520,RTNPOWER,RattanIndia Power
NSE,1565,RVHL,Ravinder Heights
NSE,2859,RAYMOND,Raymond
NSE,18391,RBLBANK,RBL Bank
NSE,13570,RBMINFRA,RBM Infracon
NSE,14255,REDINGTON,Redington
NSE,17764,REFEX,Refex Industries
NSE,9051,REGENCERAM,Regency Ceramics
NSE,24225,RELAXO,Relaxo Footwears
NSE,51,RELIABLE,Reliable Data Services
NSE,9652,RELCHEMQ,Reliance Chemotex
NSE,13188,RCOM,Reliance Communications
NSE,21733,RHFL,Reliance Home Finance
NSE,2912,RIIL,Reliance Industrial Infrastructure
NSE,2885,RELIANCE,Reliance Industries
NSE,553,RELINFRA,Reliance Infrastructure
NSE,15259,RPOWER,Reliance Power
NSE,15068,RELIGARE,Religare Enterprises
NSE,3965,REMSONSIND,Remsons Industries
NSE,16154,REMUS,Remus Pharmaceuticals
NSE,15129,RGL,Renaissance Jewellery
NSE,29598,REPCOHOME,Repco Home Finance
NSE,13126,REPRO,Repro India
NSE,20323,RESPONIND,Responsive Industries
NSE,1494,RBA,Restaurant Brand Asia Burger King
NSE,11964,REVATHI,Revathi Equipment
NSE,5309,REXPIPES,REX PIPES AND CABLES LTD
NSE,31163,RHIM,RHI Magnesita India
NSE,8208,RICHA,Richa Info Systems
NSE,2909,RICOAUTO,Rico Auto Industries
NSE,8944,RITCO,Ritco Logistics
NSE,11910,RITEZONE,Rite Zone Chemcon India
NSE,3761,RITES,RITES
NSE,1547,RKEC,RKEC Projects
NSE,21816,RMDRIP,RM Drip and Sprinklers System
NSE,15157,RHL,Robust Hotels
NSE,5279,ROLEXRINGS,Rolex Rings
NSE,19108,ROLLT,Rollatainers
NSE,6258,ROLTA,ROLTA INDIA LTD
NSE,19410,ROSSARI,Rossari Biotech
NSE,28913,ROSSELLIND,Rossell India
NSE,9049,ROTO,Roto Pumps
NSE,128,ROUTE,Route Mobile
NSE,13182,ROHLTD,Royal Orchid Hotels
NSE,16725,RPGLIFE,RPG Life Sciences
NSE,20764,RPPINFRA,RPP Infra Projects
NSE,8119,RPSGVENT,RPSG Ventures
NSE,8426,RSSOFTWARE,RS Software
NSE,2794,RSWM,RSWM
NSE,2939,RUBYMILLS,Ruby Mills
NSE,8423,RUCHINFRA,Ruchi Infrastructure
NSE,13821,RUCHIRA,Ruchira Papers
NSE,1480,REPL,Rudrabhishek Enterprises
NSE,25724,RUPA,Rupa & Company
NSE,15355,RECLTD,Rural Electrification Corporation
NSE,24595,RUSHIL,Rushil Decor
NSE,20698,SCHAND,S Chand Group
NSE,8733,S&SPOWER,S&S POWER SWITCHGEARS
NSE,18501,SABEVENTS,SAB Events & Governance
NSE,15060,SABTN,SAB TV
NSE,10982,SABAR,Sabar Flex India
NSE,13240,SADBHAV,Sadbhav Engineering
NSE,10622,SADBHIN,Sadbhav Infrastructure Projects
NSE,15343,SADHNANIQ,Sadhana Nitrochem
NSE,13035,SAFARI,Safari Industries
NSE,14068,SAGCEM,Sagar Cements
NSE,8175,SAGARDEEP,Sagardeep Alloys
NSE,13689,SAH,SAH POLYMERS LIMITED
NSE,16711,SAHANA,Sahana System
NSE,14900,SAHYADRI,Sahyadri Industries
NSE,9539,SAKAR,Sakar Healthcare
NSE,11794,SAKSOFT,Saksoft
NSE,2969,SAKHTISUG,Sakthi Sugars
NSE,13251,SAKUMA,Sakuma Exports
NSE,11634,SALSTEEL,SAL Steel
NSE,13025,SECL,Salasar Exteriors & Contour
NSE,21362,SALASAR,Salasar Techno Engineering
NSE,17351,SALONA,Salona Cotspin
NSE,11399,SALZERELEC,Salzer Electronics
NSE,4127,SAMBHAAV,Sambhaav Media
NSE,4204,MOTHERSON,Samvardhana Motherson International
NSE,2988,SANDESH,Sandesh
NSE,2397,SANDHAR,Sandhar Technologies
NSE,4184,SANGAMIND,Sangam (India)
NSE,2997,SANGHIIND,Sanghi Industries
NSE,14058,SANGHVIMOV,Sanghvi Movers
NSE,11032,SANGINITA,Sanginita Chemicals
NSE,1442,SANOFI,Sanofi India
NSE,5751,SANSERA,Sansera Engineering
NSE,46,SANWARIA,Sanwaria Consumer
NSE,6718,SAPPHIRE,Sapphire Foods India
NSE,17758,SARDAEN,Sarda Energy & Minerals
NSE,7322,SAREGAMA,Saregama India
NSE,14043,SARLAPOLY,Sarla Performance Fibers
NSE,6850,SMLT,Sarthak Metals
NSE,12913,SARVESHWAR,Sarveshwar Foods
NSE,11983,SASKEN,Sasken Technologies
NSE,20063,SASTASUNDR,Sastasundar Ventures
NSE,12015,SATINDLTD,Sat Industries
NSE,11045,SATIA,Satia Industries
NSE,10453,SATIN,Satin Creditcare
NSE,3021,SOTL,Savita Oil Technologies
NSE,6794,SBC,SBC Exports
NSE,17971,SBICARD,SBI Cards
NSE,21808,SBILIFE,SBI Life Insurance
NSE,1011,SCHAEFFLER,Schaeffler India
NSE,31234,SCHNEIDER,Schneider Electric Infra
NSE,27307,SEPOWER,SE Power
NSE,2616,SEAMECLTD,Seamec
NSE,11520,SECURCRED,SecUR Credentials
NSE,11058,SECURKLOUD,SecureKloud Technologies
NSE,21501,SIS,Security and Intelligence Services
NSE,7094,SEJALLTD,Sejal Glass
NSE,6274,SELMC,SEL Manufacturing
NSE,13598,SELAN,Selan Exploration Technology
NSE,17271,SENCO,Senco Gold
NSE,14296,SEQUENT,Sequent Scientific
NSE,17416,SERVICE,Service Care
NSE,5511,SERVOTECH,SERVOTECH POWER SYS LTD.
NSE,3066,SESHAPAPER,Seshasayee Paper & Boards
NSE,17518,SETCO,Setco Automotive
NSE,25418,SETUINFRA,Setubandhan Infrastructure
NSE,10836,SEYAIND,Seya Industries
NSE,11212,SHK,SH Kelkar and Company
NSE,11856,SHAHALLOYS,Shah Alloys
NSE,8727,SHAILY,Shaily Engineering Plastics
NSE,10683,SHAIVAL,Shaival Reality
NSE,25574,SHAKTIPUMP,Shakti Pumps
NSE,714,SHALBY,Shalby Hospitals
NSE,15342,SHALPAINTS,Shalimar Paints
NSE,20321,SHANKARA,Shankara Building Products
NSE,3078,SHANTIGEAR,Shanthi Gears
NSE,5650,SHANTI,SHANTI OVERSEAS INDIA LTD
NSE,4992,SHARDACROP,Sharda Cropchem
NSE,10530,SHARDAMOTR,Sharda Motor
NSE,14869,SHAREINDIA,SHARE IND. SECURITIES LTD
NSE,104,SHAREINDIA,Share India Securities
NSE,19184,SFL,Sheela Foam
NSE,12081,SCPL,Sheetal Cool Products
NSE,5072,SHEMAROO,Shemaroo Entertainment
NSE,14172,SHERA,Shera Energy
NSE,8394,SHIGAN,SHIGAN QUANTUM TECH LTD
NSE,17752,SHILPAMED,Shilpa Medicare
NSE,3048,SCI,Shipping Corporation of India
NSE,13446,SHIVAUM,Shiv Aum Steels
NSE,1503,SHIVAMILLS,Shiva Mills
NSE,804,SHIVATEX,Shiva Texyarn
NSE,4656,SBCL,Shivalik Bimetal Controls
NSE,7016,SHIVALIK,Shivalik Rasayan
NSE,13756,SHIVAMAUTO,Shivam Autotech
NSE,11813,SHOPERSTOP,Shoppers Stop
NSE,716,SHRADHA,Shradha Infraprojects
NSE,3103,SHREECEM,Shree Cement
NSE,3099,SHREDIGCEM,Shree Digvijay Cement Company
NSE,10588,SHREEPUSHK,Shree Pushkar Chemicals
NSE,143,SRPL,SHREE RAM PROTEINS LTD.
NSE,17297,SRPL-RE,Shree Ram Proteins RE
NSE,7634,SHREERAMA,Shree Rama Multi-Tech
NSE,13565,RAMANEWS,Shree Rama Newsprint & Papers
NSE,12026,RENUKA,Shree Renuka Sugars
NSE,21868,TIRUPATI,Shree Tirupati Balajee
NSE,15121,SVLL,Shree Vasu Logistics
NSE,14305,OSWALSEEDS,ShreeOswal Seeds And Chemicals
NSE,11149,SHRENIK,Shrenik
NSE,9054,SHREYANIND,Shreyans Industries
NSE,3129,SHREYAS,Shreyas Shipping & Logistics
NSE,17015,SRIRAM,SHRI RAM SWITCHGEARS LTD
NSE,15308,SEPC,Shriram EPC
NSE,4306,SHRIRAMFIN,Shriram Finance
NSE,17186,SHRIPISTON,Shriram Pistons & Rings
NSE,7200,SHRIRAMPPS,Shriram Properties
NSE,6451,SHUBHLAXMI,Shubhlaxmi Jewel Art
NSE,10188,SHYAMCENT,Shyam Century Ferrous
NSE,4693,SHYAMMETL,Shyam Metalics And Energy
NSE,13740,SHYAMTEL,Shyam Telecom
NSE,3148,SIDDHIKA,SIDDHIKA COATINGS LIMITED
NSE,3150,SIEMENS,Siemens
NSE,6663,SIGACHI,Sigachi Industries
NSE,16658,SIGMA,Sigma Solve
NSE,4517,SIGIND,Signet Industries
NSE,6226,SIKKO,SIKKO Industries
NSE,4105,SILINV,SIL Investments
NSE,2495,SILGO,Silgo Retail
NSE,19097,SILLYMONKS,Silly Monks Entertainment
NSE,9422,SILVERTUC,Silver Touch Technologies
NSE,14612,SIMBHALS,Simbhaoli Sugars
NSE,3162,SIMPLEXINF,Simplex Infrastructures
NSE,16859,SINDHUTRAD,Sindhu Trade Links
NSE,381,SINTERCOM,Sintercom India
NSE,21466,SPTL,Sintex Plastics Technology
NSE,11050,SIRCA,SIRCA PAINT INDIA LIMITED
NSE,14001,SITINET,Siti Networks
NSE,14096,SIYSIL,Siyaram Silk Mills
NSE,6643,SJS,SJS Enterprises
NSE,18883,SJVN,SJVN
NSE,3186,SKFINDIA,SKF India
NSE,9428,SKIPPER,Skipper
NSE,4732,SKMEGGPROD,SKM Egg Products Export
NSE,10325,SKP,SKP Bearing Industries
NSE,1124,SKSTEXTILE,SKS Textiles
NSE,13634,SKYGOLD,Sky Gold
NSE,9889,SMARTLINK,Smartlink Holdings
NSE,2320,SMCGLOBAL,SMC Global Securities
NSE,3387,SMLISUZU,SML Isuzu
NSE,21551,SMSLIFE,SMS Lifesciences
NSE,14329,SMSPHARMA,SMS Pharmaceuticals
NSE,847,SMVD,SMVD Poly Pack
NSE,4843,SNOWMAN,Snowman Logistics
NSE,13826,SOBHA,Sobha
NSE,8266,SOFTTECH,SoftTech Engineers
NSE,13332,SOLARINDS,Solar Industries
NSE,3672,SOLARA,Solara Active Pharma Sciences
NSE,1231,SOLEX,Solex Energy
NSE,1338,SDBL,Som Distilleries & Breweries
NSE,9104,SOMATEX,Soma Textiles & Industries
NSE,3880,SOMANYCERA,Somany Ceramics
NSE,17798,SOMICONVEY,Somi Conveyor Beltings
NSE,4684,SONACOMS,Sona BLW Precision Forgings
NSE,13616,SONAHISONA,SONA HI SONA JEWELL G LTD
NSE,8806,SONAMCLOCK,Sonam Clock
NSE,6596,SONATSOFTW,Sonata Software
NSE,9458,SONUINFRA,Sonu Infratech
NSE,14993,SOTAC,Sotac Pharmaceuticals
NSE,5948,SOUTHBANK,South Indian Bank
NSE,9679,SOUTHWEST,South West Pinnacle
NSE,3252,SPIC,Southern Petrochemical Industries
NSE,18252,SPAL,SP Apparels
NSE,8521,SPRL,SP REFRACTORIES LIMITED
NSE,19372,SPCENET,SPACENET ENTERS IND LTD
NSE,11435,SPANDANA,Spandana Sphoorty Financial
NSE,27107,SPECIALITY,Speciality Restaurants
NSE,5060,SPECTRUM,Spectrum Electrical Industries
NSE,16876,SPECTSTM,Spectrum Talent Management
NSE,8163,SPENCERS,Spencers Retail
NSE,22439,SPENTEX,Spentex Industries
NSE,11935,SPLIL,SPL Industries
NSE,7166,SPMLINFRA,SPML Infra
NSE,10733,SPORTKING,Sportking India
NSE,14582,SRHHYPOLTD,Sree Rayalaseema Hi-Strength H
NSE,31837,SREEL,Sreeleathers
NSE,7206,SREINFRA,SREI Infrastructure Finance
NSE,3273,SRF,SRF
NSE,8417,HAVISHA,Sri Havisha Hospital
NSE,14411,SRIVASAVI,Srivasavi Adhesive Tapes
NSE,2689,SSINFRA,SSINFRA
NSE,27,SCAPDVR,Stampede Capital
NSE,11298,SIL,Standard Industries
NSE,21091,STARCEMENT,Star Cement
NSE,7083,STARHEALTH,Star Health Insurance
NSE,3291,STARPAPER,Star Paper Mills
NSE,9314,STARTECK,Starteck Finance
NSE,3045,SBIN,State Bank of India
NSE,10948,STCINDIA,State Trading Corporation of India
NSE,2963,SAIL,Steel Authority of India
NSE,10406,STEELCITY,Steel City Securities
NSE,21339,STEELXIND,Steel Exchange India
NSE,11829,SSWL,Steel Strips Wheels
NSE,6803,STEELCAS,Steelcast
NSE,21484,STEL,STEL Holdings
NSE,12489,SWSOLAR,Sterling & Wilson Renewable Energy
NSE,4299,STERTOOLS,Sterling Tools
NSE,9309,STLTECH,Sterlite Technologies
NSE,13367,SGL,STL Global
NSE,2107,STOVEKRAFT,Stove Kraft
NSE,7374,STAR,Strides Pharma Science
NSE,5186,STYLAMIND,Stylam Industries
NSE,19,STYRENIX,Styrenix Performance Materials
NSE,967,SUBEXLTD,Subex
NSE,3324,SUBROS,Subros
NSE,3327,SUDARSCHEM,Sudarshan Chemical Industries
NSE,11804,SUKHJITS,Sukhjit Starch & Chemicals
NSE,13218,SULA,Sula Vineyards
NSE,11141,SUMIT,Sumit Woods
NSE,17105,SUMICHEM,Sumitomo Chemical
NSE,21275,SUMMITSEC,Summit Securities
NSE,14788,SPARC,Sun Pharma Advanced Research Co
NSE,3351,SUNPHARMA,Sun Pharmaceutical
NSE,13404,SUNTV,Sun TV Network
NSE,4179,SUNDRMBRAK,Sundaram Brake Linings
NSE,29008,SUNCLAYLTD,Sundaram Clayton
NSE,16853,SUNCLAYLTD,Sundaram Clayton NCRPS
NSE,3339,SUNDARMFIN,Sundaram Finance
NSE,2183,SUNDARMHLD,Sundaram Finance Holdings
NSE,18931,SUNDARAM,Sundaram Multi Pap
NSE,3345,SUNDRMFAST,Sundram Fasteners
NSE,3348,SUNFLAG,Sunflag Iron & Steel Company
NSE,17641,SUNTECK,Sunteck Realty
NSE,3357,SUPERSPIN,Super Spinning Mills
NSE,20616,SUPERHOUSE,Superhouse
NSE,11689,SUPRAJIT,Suprajit Engineering
NSE,1401,SUPREMEENG,Supreme Engineering
NSE,3363,SUPREMEIND,Supreme Industries
NSE,15006,SUPREMEINF,Supreme Infrastructure
NSE,9617,SPLPETRO,Supreme Petrochemicals
NSE,7390,SUPRIYA,Supriya Lifescience
NSE,21081,SURANASOL,Surana Solar
NSE,10700,SURANAT&P,Surana Telecom And Power
NSE,8513,SURANI,Surani Steel Tubes
NSE,14139,SBGLP,SURATWWALA BUS GROUP LTD
NSE,3375,SURYAROSNI,Surya Roshni
NSE,11852,SURYALAXMI,Suryalakshmi Cotton Mills
NSE,2970,SURYODAY,Suryoday Small Finance Bank
NSE,13801,SUTLEJTEX,Sutlej Textiles And Industries
NSE,643,SUULD,SUUMAYA INDUSTRIES LTD
NSE,11233,SUVEN,Suven Life Sciences
NSE,17945,SUVENPHAR,Suven Pharmaceuticals
NSE,2998,SUVIDHAA,Suvidhaa Infoserve
NSE,12018,SUZLON,Suzlon Energy
NSE,5023,SVPGLOB,SVP Global Ventures
NSE,27095,SWANENERGY,Swan Energy
NSE,3384,SWARAJENG,Swaraj Engines
NSE,8608,SWARAJ,SWARAJ SUITING LIMITED
NSE,11492,SWASTIK,Swastik Pipe
NSE,11909,SWELECTES,SWELECT Energy Systems
NSE,24190,SYMPHONY,Symphony
NSE,11992,SYNCOMF,Syncom Formulations
NSE,5116,SGIL,Synergy Green Industries
NSE,10243,SYNGENE,Syngene International
NSE,17203,SYNOPTICS,Synoptics Technologies
NSE,10793,SYRMA,Syrma SGS
NSE,14506,SYSTANGO,Systango Technologies
NSE,3396,TAINWALCHM,Tainwala Chemicals & Plastics
NSE,9354,TAJGVK,Taj GVK Hotels & Resorts
NSE,14917,TAKE,Take Solutions
NSE,13648,TALBROAUTO,Talbros Automotive Components
NSE,3980,TNPL,Tamil Nadu Newsprint and Papers
NSE,10945,TMB,Tamilnad Mercantile Bank
NSE,3509,TNPETRO,Tamilnadu Petroproducts
NSE,9884,TNTELE,Tamilnadu Telecommunications
NSE,13976,TANLA,Tanla Platforms
NSE,10986,TAPIFRUIT,Tapi Fruit Processing
NSE,2117,TARACHAND,TARA CHAND INFRA SOLN LTD
NSE,18831,TARAPUR,Tarapur Transformers
NSE,14771,TARMAT,Tarmat
NSE,6943,TARSONS,Tarsons Products
NSE,20092,TASTYBITE,Tasty Bite Eatables
NSE,3405,TATACHEM,Tata Chemicals
NSE,724,TATACOFFEE,Tata Coffee
NSE,3721,TATACOMM,Tata Communications
NSE,11536,TCS,Tata Consultancy Services
NSE,3432,TATACONSUM,Tata Consumer Products
NSE,3411,TATAELXSI,Tata Elxsi
NSE,1621,TATAINVEST,Tata Investment Corporation
NSE,3423,TATAMETALI,Tata Metaliks
NSE,3456,TATAMOTORS,Tata Motors
NSE,16965,TATAMTRDVR,Tata Motors DVR
NSE,3426,TATAPOWER,Tata Power
NSE,3499,TATASTEEL,Tata Steel
NSE,1639,TATASTLLP,Tata Steel Long Products
NSE,8954,TTML,Tata Teleservices Maharashtra
NSE,5162,TATVA,Tatva Chintan Pharma
NSE,27037,TBZ,TBZ Jewellers
NSE,19223,TCIEXP,TCI Express
NSE,4172,TCNSBRANDS,TCNS Clothing Company
NSE,184,TCPLPACK,TCPL Packaging
NSE,25178,TDPOWERSYS,TD Power Systems
NSE,12716,TEAMLEASE,Teamlease Services
NSE,13538,TECHM,Tech Mahindra
NSE,25190,TECHIN,Techindia Nirman
NSE,6445,TECHNOE,Techno Electric & Engineering
NSE,14223,TIIL,Technocraft Industries
NSE,14739,TECILCHEM,TECIL CHEMICALS
NSE,7105,TEGA,Tega Industries
NSE,21131,TEJASNET,Tejas Networks
NSE,3280,TEMBO,Tembo Global Industries
NSE,19296,TERASOFT,Tera Software
NSE,11549,TEXINFRA,Texmaco Infrastructure & Holdings
NSE,21828,TEXRAIL,Texmaco Rail & Engineering
NSE,18214,TEXMOPIPES,Texmo Pipes & Products
NSE,14611,TGBHOTELS,TGB Banquets & Hotels
NSE,18118,THANGAMAYL,Thangamayil Jewellery
NSE,9014,ANUP,The Anup Engineering
NSE,7919,BYKE,The Byke Hospitality
NSE,21431,THEINVEST,The Investment Trust of India
NSE,399,NIACL,The New India Assurance Co.
NSE,28842,THEJO,Thejo Engineering
NSE,14485,THEMISMED,Themis Medicare
NSE,3475,THERMAX,Thermax
NSE,3496,TIRUMALCHM,Thirumalai Chemicals
NSE,3481,THOMASCOOK,Thomas Cook India
NSE,31021,THOMASCOTT,Thomas Scott
NSE,17032,THYROCARE,Thyrocare Technologies
NSE,14019,TIDEWATER,Tide Water Oil
NSE,25486,TIJARIA,Tijaria Polypipes
NSE,11624,TIL,TIL LTD
NSE,19196,TI,Tilaknagar Industries
NSE,14707,TIMETECHNO,Time Technoplast
NSE,10717,TIMESGTY,Times Guaranty
NSE,7800,TIMESCAN,Timescan Logistics
NSE,14198,TIMKEN,Timken India
NSE,3493,TINPLATE,Tinplate Company
NSE,11378,TIPSFILMS,Tips Films
NSE,9117,TIPSINDLTD,Tips Industries
NSE,22284,TIRUPATIFL,TIRUPATI FORGE LIMITED
NSE,15414,TITAGARH,Titagarh Rail Systems
NSE,3506,TITAN,Titan
NSE,3837,TOKYOPLAST,Tokyo Plast International
NSE,3518,TORNTPHARM,Torrent Pharmaceuticals
NSE,13786,TORNTPOWER,Torrent Power
NSE,22425,TOTAL,Total Transport Systems
NSE,16910,TOUCHWOOD,TOUCHWOOD ENTERTAIN LTD.
NSE,3466,TFCILTD,Tourism Finance Corporation of India
NSE,9223,TPLPLASTEH,TPL Plastech
NSE,11582,TRACXN,Tracxn Technologies
NSE,15174,TRIL,Transformers & Rectifiers
NSE,10580,TCI,Transport Corporation of India
NSE,14319,TFL,Transwarranty Finance
NSE,21260,TRANSWIND,Transwind Infrastructures
NSE,25082,TREEHOUSE,Tree House Education & Accessories
NSE,7605,TREJHARA,Trejhara Solutions
NSE,1964,TRENT,Trent
NSE,17987,TRF,TRF
NSE,9685,TRIDENT,Trident
NSE,17210,TRIDHYA,Tridhya Tech
NSE,5428,TRIGYN,Trigyn Technologies
NSE,13081,TRIVENI,Triveni Engineering & Industries
NSE,25584,TRITURBINE,Triveni Turbines
NSE,9378,TRU,TruCap Finance
NSE,11369,TTKHLTCARE,TTK Healthcare
NSE,3546,TTKPRESTIG,TTK Prestige
NSE,14314,TTL,TTL
NSE,312,TIINDIA,Tube Invest of India
NSE,11275,TVTODAY,TV Today Network
NSE,18504,TVVISION,TV Vision
NSE,14208,TV18BRDCST,TV18 Broadcast
NSE,11265,TVSELECT,TVS Electronics
NSE,8479,TVSMOTOR,TVS Motors
NSE,14245,TVSSRICHAK,TVS Srichakra
NSE,7739,UCAL,UCAL
NSE,11223,UCOBANK,UCO Bank
NSE,7276,UDAICEMENT,Udaipur Cement Works
NSE,14871,USK,Udayshivkumar Infra
NSE,1053,UFLEX,UFLEX
NSE,9039,UFO,UFO Moviez India
NSE,19578,UGARSUGAR,Ugar Sugar Works
NSE,5313,UGROCAP,UGRO Capital
NSE,25540,UJAAS,Ujaas Energy
NSE,17069,UJJIVAN,Ujjivan Financial Services
NSE,15228,UJJIVANSFB,Ujjivan Small Finance Bank
NSE,5945,UWCSL,Ultra Wiring Connect
NSE,11532,ULTRACEMCO,UltraTech Cement
NSE,13349,UMA,Uma Converter
NSE,8845,UMAEXPORTS,Uma Exports
NSE,11387,UMANGDAIRY,Umang Dairies
NSE,3579,UNICHEMLAB,Unichem Laboratories
NSE,7791,UNIINFO,UNIINFO Telecom Services
NSE,10753,UNIONBANK,Union Bank of India
NSE,13057,UNIPARTS,Uniparts India
NSE,11293,UNIENTER,Uniphos Enterprises
NSE,8893,UNITECH,Unitech Group
NSE,16713,UBL,United Breweries
NSE,201,UNIDT,United Drilling Tools
NSE,17999,UNITEDTEA,United Nilgiri Tea
NSE,11287,UPL,United Phosphorus
NSE,7564,UNITEDPOLY,UNITED POLYFAB GUJ. LTD.
NSE,10447,MCDOWELL-N,United Spirits
NSE,18977,UNIVASTU,UNIVASTU INDIA LIMITED
NSE,3607,UNIVCABLES,Universal Cables
NSE,17659,UNIVPHOTO,Universus Photo Imagings
NSE,14154,UNOMINDA,UNO Minda
NSE,10610,USASEEDS,UPSURGE SEEDS OF AGRI LTD
NSE,10710,VEEKAYEM,Upsurge Seeds of Agriculture
NSE,17071,URAVI,Uravi T and Wedge Lamps
NSE,16888,URBAN,Urban Enviro Waste Management
NSE,20203,URJA,Urja Global
NSE,8840,USHAMART,Usha Martin
NSE,19142,UMESLTD,Usha Martin Education & Solutions
NSE,4212,UCL,Ushanti Colour Chem
NSE,527,UTIAMC,UTI Asset Management Company
NSE,14535,GOLDSHARE,UTI GOLD ETF
NSE,17358,UTKARSHBNK,Utkarsh Small Finance Bank
NSE,13376,UTTAMSUGAR,Uttam Sugar Mills
NSE,3188,VMARCIND,V Marc India
NSE,29284,VMART,V Mart Retail
NSE,15362,VGUARD,V-Guard Industries
NSE,12863,V1NSETEST,V1NSETEST
NSE,14770,V2RETAIL,V2 Retail
NSE,20188,WABAG,VA Tech Wabag
NSE,24196,VADILALIND,Vadilal Industries
NSE,20973,VSCL,Vadivarhe Speciality Chemicals
NSE,11364,VAIBHAVGBL,Vaibhav Global
NSE,8259,MADHAVBAUG,VAIDYA SANE AYUR LAB LTD
NSE,16589,VAISHALI,Vaishali Pharma
NSE,13342,VAKRANGEE,Vakrangee
NSE,330,VALIANTORG,Valiant Organics
NSE,11179,CLOUD,Varanium Cloud
NSE,11220,VARDHACRLC,Vardhaman Acrylics
NSE,11892,VHL,Vardhman Holdings
NSE,6893,VARDMNPOLY,Vardhman Polytex
NSE,27067,VSSL,Vardhman Special Steels
NSE,2073,VTL,Vardhman Textiles
NSE,3857,VARROC,Varroc Engineering
NSE,18921,VBL,Varun Beverages
NSE,16454,DENTALKART,Vasa Denticity
NSE,1274,VASA,Vasa Retail and Overseas
NSE,18110,VASCONEQ,Vascon Engineers
NSE,25340,VASWANI,Vaswani Industries
NSE,9027,VCL,Vaxtex Cotfab
NSE,8167,MANYAVAR,Vedant Fashions
NSE,3063,VEDL,Vedanta
NSE,14590,VELS,Vels Film International
NSE,3757,VENKEYS,Venkys India
NSE,9592,VENUSPIPES,Venus Pipes & Tubes
NSE,13856,VENUSREM,Venus Remedies
NSE,2666,VERA,VERA SYNTHETIC LIMITED
NSE,8890,VERANDA,Veranda Learning Solutions
NSE,14491,VERTEXPLUS,Vertexplus Technologies
NSE,18865,VERTOZ,Vertoz Advertising
NSE,3676,VESUVIUS,Vesuvius India
NSE,8652,VETO,Veto Switchgear Cable
NSE,14316,VIAZ,Viaz Tyres
NSE,4818,VICEROY,Viceroy Hotels
NSE,13536,VIDHIING,Vidhi Specialty Food Ingredients
NSE,5585,VIJAYA,Vijaya Diagnostic Centre
NSE,17691,VIJIFIN,Viji Finance
NSE,25756,VIKASECO,Vikas Ecotech
NSE,9931,VIKASLIFE,Vikas Lifecare
NSE,16954,VILINBIO,Vilin Bio Med
NSE,13101,VIMTALABS,Vimta Labs
NSE,17364,VINATIORGA,Vinati Organics
NSE,3694,VINDHYATEL,Vindhya Telelinks
NSE,3807,VINEETLAB,Vineet Laboratories
NSE,12506,VINNY,Vinny Overseas
NSE,16821,VINYLINDIA,Vinyl Chemicals
NSE,14847,VIPCLOTHNG,VIP Clothing
NSE,3703,VIPIND,VIP Industries
NSE,8424,VIPULLTD,Vipul
NSE,15304,VIRINCHI,Virinchi
NSE,13298,VISASTEEL,VISA Steel
NSE,29877,VIVIDHA,Visagar Polytex
NSE,4221,VISAKAIND,Visaka Industries
NSE,7303,VISESHINFO,Visesh Infotechnics
NSE,11773,VISHAL,Vishal Fabrics
NSE,6908,VISHNU,Vishnu Chemicals
NSE,13702,VISHWARAJ,Vishwaraj Sugar Industries
NSE,11920,VITAL,Vital Chemtech
NSE,10967,VIVIANA,Viviana Power Tech
NSE,7610,VIVO,VIVO COLLAB SOLUTIONS LTD
NSE,3715,VLSFINANCE,VLS Finance
NSE,14366,IDEA,Vodafone Idea
NSE,13577,VOLTAMP,Voltamp Transformers
NSE,3718,VOLTAS,Voltas
NSE,8696,VRLLOG,VRL Logistics
NSE,3724,VSTIND,VST Industries
NSE,24292,VSTTILLERS,VST Tillers Tractors
NSE,14832,WSI,W S Industries India
NSE,9079,WALCHANNAG,Walchandnagar Industries
NSE,5013,WALPAR,WALPAR NUTRITIONS LIMITED
NSE,14067,WANBURY,Wanbury
NSE,3745,WATERBASE,Waterbase
NSE,9865,WEWIN,We Win
NSE,1923,WEALTH,Wealth First Portfolio Managers
NSE,14602,WEBELSOLAR,Websol Energy System
NSE,4945,WEIZMANIND,Weizmann
NSE,11821,WELCORP,Welspun Corp
NSE,11626,WELENT,Welspun Enterprises
NSE,11253,WELSPUNIND,Welspun India
NSE,19804,WELINV,Welspun Investments and Commercials
NSE,4235,WENDT,Wendt India
NSE,3799,WSTCSTPAPR,West Coast Paper Mills
NSE,20491,WIPL,Western India Plywoods
NSE,11580,WESTLIFE,Westlife Foodworld
NSE,3766,WHEELS,Wheels India
NSE,18011,WHIRLPOOL,Whirlpool of India
NSE,5699,WILLAMAGOR,Williamson Magor
NSE,5366,WINDLAS,WINDLAS BIOTECH LIMITED
NSE,24972,WINDMACHIN,Windsor Machines
NSE,3787,WIPRO,Wipro
NSE,7506,WOCKPHARMA,Wockhardt
NSE,7835,WEL,WONDER ELECTRICALS LTD
NSE,3002,WONDERLA,Wonderla Holidays
NSE,22277,WORTH,Worth Peripherals
NSE,11705,XCHANGING,Xchanging Solutions
NSE,8477,XELPMOC,Xelpmoc Design and Tech
NSE,11407,XPROINDIA,Xpro India
NSE,25003,YAARI,Yaari Digital Integrated Services
NSE,11915,YESBANK,Yes Bank
NSE,5501,YUKEN,Yuken India
NSE,3812,ZEEL,Zee Entertainment
NSE,20856,ZEELEARN,Zee Learn
NSE,14003,ZEEMEDIA,Zee Media Corporation
NSE,7508,ZENTEC,Zen Technologies
NSE,8802,ZENITHEXPO,Zenith Exports
NSE,14566,ZENITHSTL,Zenith Steel Pipes & Industries
NSE,1076,ZENSARTECH,Zensar Technologies
NSE,16915,ZFCVINDIA,ZF Commercial
NSE,12384,ZIMLAB,Zim Laboratories
NSE,3821,ZODIACLOTH,Zodiac Clothing
NSE,7138,ZODIAC,ZODIAC ENERGY LIMITED
NSE,5097,ZOMATO,Zomato
NSE,11394,ZOTA,Zota Healthcare
NSE,29050,ZUARI,Zuari Agro Chemicals
NSE,3827,ZUARIIND,Zuari Industries
NSE,7929,ZYDUSLIFE,Zydus Life Science
NSE,17635,ZYDUSWELL,Zydus Wellness
